<?xml version="1.0" encoding="ISO-8859-1"?>
<EFFECTS>
  <EFFECT TYPE="0" EMITATPOINTS="0" MAXGX="0" MAXGY="0" EMISSION_TYPE="0" ELLIPSE_ARC="360.000000" EFFECT_LENGTH="0" UNIFORM="1" NAME="Player glow" HANDLE_CENTER="1" HANDLE_X="0" HANDLE_Y="0" TRAVERSE_EDGE="0" END_BEHAVIOUR="0" DISTANCE_SET_BY_LIFE="0" REVERSE_SPAWN_DIRECTION="0">
    <ANIMATION_PROPERTIES FRAMES="32" WIDTH="128" HEIGHT="128" X="0" Y="0" SEED="0" LOOPED="0" SEAMLESS="0" ZOOM="1.00000000" FRAME_OFFSET="0" COLOUR_EXPORT_OPTION="0" SAVE_EXPORT_OPTION="0" BORDER_EXPORT_OPTION="0" TRANSPARENCY_EXPORT_OPTION="1" AA_EXPORT_OPTION="0" FRAMESTEP_EXPORT_OPTION="0" COLUMNS_EXPORT_OPTION="0" SPECIFYCOLUMNS_EXPORT_OPTION="0" CLSRED_EXPORT_OPTION="0" CLSGREEN_EXPORT_OPTION="0" CLSBLUE_EXPORT_OPTION="0"/>
    <AMOUNT VALUE="1.00000000" FRAME="0.000000000"/>
    <LIFE VALUE="1.00000000" FRAME="0.000000000"/>
    <SIZEX VALUE="1.79999995" FRAME="0.000000000"/>
    <SIZEY VALUE="1.00000000" FRAME="0.000000000"/>
    <VELOCITY VALUE="1.00000000" FRAME="0.000000000"/>
    <WEIGHT VALUE="1.00000000" FRAME="0.000000000"/>
    <SPIN VALUE="1.00000000" FRAME="0.000000000"/>
    <ALPHA VALUE="1.00000000" FRAME="0.000000000"/>
    <EMISSIONANGLE VALUE="0.000000000" FRAME="0.000000000"/>
    <EMISSIONRANGE VALUE="180.000000" FRAME="0.000000000"/>
    <AREA_WIDTH VALUE="1.00000000" FRAME="0.000000000"/>
    <AREA_HEIGHT VALUE="1.00000000" FRAME="0.000000000"/>
    <ANGLE VALUE="0.000000000" FRAME="0.000000000"/>
    <STRETCH VALUE="1.00000000" FRAME="0.000000000"/>
    <GLOBAL_ZOOM VALUE="0.479999989" FRAME="0.000000000"/>
    <PARTICLE HANDLE_X="0" HANDLE_Y="0" BLENDMODE="4" RELATIVE="1" RANDOM_COLOR="0" SINGLE_PARTICLE="0" LAYER="0" NAME="Glow" ANIMATE="0" ANIMATE_ONCE="0" FRAME="0" RANDOM_START_FRAME="0" ANIMATION_DIRECTION="1" UNIFORM="1" ANGLE_TYPE="2" ANGLE_OFFSET="360" LOCK_ANGLE="0" ANGLE_RELATIVE="1" USE_EFFECT_EMISSION="1" COLOR_REPEAT="0" ALPHA_REPEAT="0" ONE_SHOT="0" HANDLE_CENTERED="1" GROUP_PARTICLES="0">
      <SHAPE_INDEX>1</SHAPE_INDEX>
      <LIFE VALUE="400.000000" FRAME="0.000000000"/>
      <AMOUNT VALUE="16.0000000" FRAME="0.000000000"/>
      <BASE_SPEED VALUE="0.000000000" FRAME="0.000000000"/>
      <BASE_WEIGHT VALUE="0.000000000" FRAME="0.000000000"/>
      <BASE_SIZE_X VALUE="35.0000000" FRAME="0.000000000"/>
      <BASE_SIZE_Y VALUE="200.000000" FRAME="0.000000000"/>
      <BASE_SPIN VALUE="0.000000000" FRAME="0.000000000"/>
      <SPLATTER VALUE="0.000000000" FRAME="0.000000000"/>
      <LIFE_VARIATION VALUE="0.000000000" FRAME="0.000000000"/>
      <AMOUNT_VARIATION VALUE="0.000000000" FRAME="0.000000000"/>
      <VELOCITY_VARIATION VALUE="0.000000000" FRAME="0.000000000"/>
      <WEIGHT_VARIATION VALUE="0.000000000" FRAME="0.000000000"/>
      <SIZE_X_VARIATION VALUE="5.00000000" FRAME="0.000000000"/>
      <SIZE_Y_VARIATION VALUE="0.000000000" FRAME="0.000000000"/>
      <SPIN_VARIATION VALUE="0.000000000" FRAME="0.000000000"/>
      <DIRECTION_VARIATION VALUE="0.000000000" FRAME="0.000000000"/>
      <ALPHA_OVERTIME VALUE="0.000000000" FRAME="0.000000000"/>
      <ALPHA_OVERTIME VALUE="1.00000000" FRAME="0.469999999"/>
      <ALPHA_OVERTIME VALUE="0.000000000" FRAME="1.00000000"/>
      <VELOCITY_OVERTIME VALUE="0.000000000" FRAME="0.000000000"/>
      <WEIGHT_OVERTIME VALUE="0.000000000" FRAME="0.000000000"/>
      <SCALE_X_OVERTIME VALUE="1.03999996" FRAME="0.000000000"/>
      <SCALE_X_OVERTIME VALUE="1.03999996" FRAME="0.823333323"/>
      <SCALE_X_OVERTIME VALUE="1.58000004" FRAME="1.00000000"/>
      <SCALE_Y_OVERTIME VALUE="1.00000000" FRAME="0.000000000"/>
      <SPIN_OVERTIME VALUE="0.000000000" FRAME="0.000000000"/>
      <RED_OVERTIME VALUE="128.000000" FRAME="0.000000000"/>
      <GREEN_OVERTIME VALUE="255.000000" FRAME="0.000000000"/>
      <BLUE_OVERTIME VALUE="255.000000" FRAME="0.000000000"/>
      <DIRECTION VALUE="0.000000000" FRAME="0.000000000"/>
      <DIRECTION_VARIATIONOT VALUE="0.000000000" FRAME="0.000000000"/>
      <FRAMERATE_OVERTIME VALUE="30.0000000" FRAME="0.000000000"/>
      <STRETCH_OVERTIME VALUE="0.000000000" FRAME="0.000000000"/>
      <GLOBAL_VELOCITY VALUE="1.00000000" FRAME="0.000000000"/>
    </PARTICLE>
    <PARTICLE HANDLE_X="64" HANDLE_Y="51" BLENDMODE="4" RELATIVE="1" RANDOM_COLOR="0" SINGLE_PARTICLE="1" LAYER="0" NAME="Glow1" ANIMATE="0" ANIMATE_ONCE="0" FRAME="0" RANDOM_START_FRAME="0" ANIMATION_DIRECTION="1" UNIFORM="1" ANGLE_TYPE="2" ANGLE_OFFSET="0" LOCK_ANGLE="0" ANGLE_RELATIVE="1" USE_EFFECT_EMISSION="1" COLOR_REPEAT="0" ALPHA_REPEAT="0" ONE_SHOT="0" HANDLE_CENTERED="1" GROUP_PARTICLES="0">
      <SHAPE_INDEX>0</SHAPE_INDEX>
      <LIFE VALUE="400.000000" FRAME="0.000000000"/>
      <AMOUNT VALUE="12.0000000" FRAME="0.000000000"/>
      <BASE_SPEED VALUE="0.000000000" FRAME="0.000000000"/>
      <BASE_WEIGHT VALUE="0.000000000" FRAME="0.000000000"/>
      <BASE_SIZE_X VALUE="85.0000000" FRAME="0.000000000"/>
      <BASE_SIZE_Y VALUE="200.000000" FRAME="0.000000000"/>
      <BASE_SPIN VALUE="0.000000000" FRAME="0.000000000"/>
      <SPLATTER VALUE="0.000000000" FRAME="0.000000000"/>
      <LIFE_VARIATION VALUE="0.000000000" FRAME="0.000000000"/>
      <AMOUNT_VARIATION VALUE="0.000000000" FRAME="0.000000000"/>
      <VELOCITY_VARIATION VALUE="0.000000000" FRAME="0.000000000"/>
      <WEIGHT_VARIATION VALUE="0.000000000" FRAME="0.000000000"/>
      <SIZE_X_VARIATION VALUE="0.000000000" FRAME="0.000000000"/>
      <SIZE_Y_VARIATION VALUE="0.000000000" FRAME="0.000000000"/>
      <SPIN_VARIATION VALUE="0.000000000" FRAME="0.000000000"/>
      <DIRECTION_VARIATION VALUE="0.000000000" FRAME="0.000000000"/>
      <ALPHA_OVERTIME VALUE="1.00000000" FRAME="0.000000000"/>
      <VELOCITY_OVERTIME VALUE="0.000000000" FRAME="0.000000000"/>
      <WEIGHT_OVERTIME VALUE="0.000000000" FRAME="0.000000000"/>
      <SCALE_X_OVERTIME VALUE="1.03999996" FRAME="0.000000000"/>
      <SCALE_X_OVERTIME VALUE="1.03999996" FRAME="1.00000000"/>
      <SCALE_Y_OVERTIME VALUE="1.00000000" FRAME="0.000000000"/>
      <SPIN_OVERTIME VALUE="0.000000000" FRAME="0.000000000"/>
      <RED_OVERTIME VALUE="128.000000" FRAME="0.000000000"/>
      <GREEN_OVERTIME VALUE="255.000000" FRAME="0.000000000"/>
      <BLUE_OVERTIME VALUE="255.000000" FRAME="0.000000000"/>
      <DIRECTION VALUE="0.000000000" FRAME="0.000000000"/>
      <DIRECTION_VARIATIONOT VALUE="0.000000000" FRAME="0.000000000"/>
      <FRAMERATE_OVERTIME VALUE="30.0000000" FRAME="0.000000000"/>
      <STRETCH_OVERTIME VALUE="0.000000000" FRAME="0.000000000"/>
      <GLOBAL_VELOCITY VALUE="1.00000000" FRAME="0.000000000"/>
    </PARTICLE>
    <PARTICLE HANDLE_X="65" HANDLE_Y="62" BLENDMODE="4" RELATIVE="1" RANDOM_COLOR="1" SINGLE_PARTICLE="0" LAYER="0" NAME="Electric" ANIMATE="0" ANIMATE_ONCE="0" FRAME="0" RANDOM_START_FRAME="1" ANIMATION_DIRECTION="1" UNIFORM="1" ANGLE_TYPE="1" ANGLE_OFFSET="360" LOCK_ANGLE="0" ANGLE_RELATIVE="0" USE_EFFECT_EMISSION="1" COLOR_REPEAT="0" ALPHA_REPEAT="0" ONE_SHOT="0" HANDLE_CENTERED="0" GROUP_PARTICLES="0">
      <SHAPE_INDEX>4</SHAPE_INDEX>
      <LIFE VALUE="400.000000" FRAME="0.000000000"/>
      <AMOUNT VALUE="34.0000000" FRAME="0.000000000"/>
      <BASE_SPEED VALUE="0.000000000" FRAME="0.000000000"/>
      <BASE_WEIGHT VALUE="0.000000000" FRAME="0.000000000"/>
      <BASE_SIZE_X VALUE="5.00000000" FRAME="0.000000000"/>
      <BASE_SIZE_Y VALUE="200.000000" FRAME="0.000000000"/>
      <BASE_SPIN VALUE="0.000000000" FRAME="0.000000000"/>
      <SPLATTER VALUE="12.0000000" FRAME="0.000000000"/>
      <LIFE_VARIATION VALUE="0.000000000" FRAME="0.000000000"/>
      <AMOUNT_VARIATION VALUE="27.0000000" FRAME="0.000000000"/>
      <VELOCITY_VARIATION VALUE="0.000000000" FRAME="0.000000000"/>
      <WEIGHT_VARIATION VALUE="0.000000000" FRAME="0.000000000"/>
      <SIZE_X_VARIATION VALUE="40.0000000" FRAME="0.000000000"/>
      <SIZE_Y_VARIATION VALUE="0.000000000" FRAME="0.000000000"/>
      <SPIN_VARIATION VALUE="0.000000000" FRAME="0.000000000"/>
      <DIRECTION_VARIATION VALUE="0.000000000" FRAME="0.000000000"/>
      <ALPHA_OVERTIME VALUE="1.00000000" FRAME="0.000000000"/>
      <ALPHA_OVERTIME VALUE="0.000000000" FRAME="1.00000000"/>
      <VELOCITY_OVERTIME VALUE="0.000000000" FRAME="0.000000000"/>
      <WEIGHT_OVERTIME VALUE="0.000000000" FRAME="0.000000000"/>
      <SCALE_X_OVERTIME VALUE="0.000000000" FRAME="0.000000000"/>
      <SCALE_X_OVERTIME VALUE="1.13999999" FRAME="1.00000000"/>
      <SCALE_Y_OVERTIME VALUE="1.00000000" FRAME="0.000000000"/>
      <SPIN_OVERTIME VALUE="0.000000000" FRAME="0.000000000"/>
      <RED_OVERTIME VALUE="128.000000" FRAME="0.000000000"/>
      <GREEN_OVERTIME VALUE="255.000000" FRAME="0.000000000"/>
      <BLUE_OVERTIME VALUE="255.000000" FRAME="0.000000000"/>
      <DIRECTION VALUE="0.000000000" FRAME="0.000000000"/>
      <DIRECTION_VARIATIONOT VALUE="0.000000000" FRAME="0.000000000"/>
      <FRAMERATE_OVERTIME VALUE="0.259999990" FRAME="0.000000000"/>
      <GLOBAL_VELOCITY VALUE="1.00000000" FRAME="0.000000000"/>
    </PARTICLE>
  </EFFECT>
  <EFFECT TYPE="2" EMITATPOINTS="1" MAXGX="10" MAXGY="0" EMISSION_TYPE="2" ELLIPSE_ARC="360.000000" EFFECT_LENGTH="0" UNIFORM="1" NAME="Laser" HANDLE_CENTER="0" HANDLE_X="0" HANDLE_Y="0" TRAVERSE_EDGE="1" END_BEHAVIOUR="1" DISTANCE_SET_BY_LIFE="0" REVERSE_SPAWN_DIRECTION="0">
    <ANIMATION_PROPERTIES FRAMES="32" WIDTH="128" HEIGHT="128" X="0" Y="0" SEED="0" LOOPED="0" SEAMLESS="0" ZOOM="1.00000000" FRAME_OFFSET="0" COLOUR_EXPORT_OPTION="0" SAVE_EXPORT_OPTION="0" BORDER_EXPORT_OPTION="0" TRANSPARENCY_EXPORT_OPTION="1" AA_EXPORT_OPTION="0" FRAMESTEP_EXPORT_OPTION="0" COLUMNS_EXPORT_OPTION="0" SPECIFYCOLUMNS_EXPORT_OPTION="0" CLSRED_EXPORT_OPTION="0" CLSGREEN_EXPORT_OPTION="0" CLSBLUE_EXPORT_OPTION="0"/>
    <AMOUNT VALUE="1.00000000" FRAME="0.000000000"/>
    <LIFE VALUE="1.00000000" FRAME="0.000000000"/>
    <SIZEX VALUE="1.00000000" FRAME="0.000000000"/>
    <SIZEY VALUE="1.00000000" FRAME="0.000000000"/>
    <VELOCITY VALUE="1.00000000" FRAME="0.000000000"/>
    <WEIGHT VALUE="1.00000000" FRAME="0.000000000"/>
    <SPIN VALUE="1.00000000" FRAME="0.000000000"/>
    <ALPHA VALUE="1.00000000" FRAME="0.000000000"/>
    <EMISSIONANGLE VALUE="136.000000" FRAME="0.000000000"/>
    <EMISSIONRANGE VALUE="0.000000000" FRAME="0.000000000"/>
    <AREA_WIDTH VALUE="705.000000" FRAME="0.000000000"/>
    <AREA_HEIGHT VALUE="0.000000000" FRAME="0.000000000"/>
    <ANGLE VALUE="0.000000000" FRAME="0.000000000"/>
    <STRETCH VALUE="1.00000000" FRAME="0.000000000"/>
    <GLOBAL_ZOOM VALUE="1.00000000" FRAME="0.000000000"/>
    <PARTICLE HANDLE_X="13" HANDLE_Y="64" BLENDMODE="4" RELATIVE="1" RANDOM_COLOR="0" SINGLE_PARTICLE="0" LAYER="0" NAME="Laser" ANIMATE="0" ANIMATE_ONCE="0" FRAME="0" RANDOM_START_FRAME="1" ANIMATION_DIRECTION="1" UNIFORM="0" ANGLE_TYPE="2" ANGLE_OFFSET="0" LOCK_ANGLE="0" ANGLE_RELATIVE="1" USE_EFFECT_EMISSION="1" COLOR_REPEAT="0" ALPHA_REPEAT="0" ONE_SHOT="1" HANDLE_CENTERED="1" GROUP_PARTICLES="0">
      <SHAPE_INDEX>0</SHAPE_INDEX>
      <LIFE VALUE="1050.00000" FRAME="0.000000000"/>
      <AMOUNT VALUE="26.0000000" FRAME="0.000000000"/>
      <BASE_SPEED VALUE="1040.00000" FRAME="0.000000000"/>
      <BASE_WEIGHT VALUE="0.000000000" FRAME="0.000000000"/>
      <BASE_SIZE_X VALUE="35.0000000" FRAME="0.000000000"/>
      <BASE_SIZE_Y VALUE="5.00000000" FRAME="0.000000000"/>
      <BASE_SPIN VALUE="0.000000000" FRAME="0.000000000"/>
      <SPLATTER VALUE="0.000000000" FRAME="0.000000000"/>
      <LIFE_VARIATION VALUE="0.000000000" FRAME="0.000000000"/>
      <AMOUNT_VARIATION VALUE="0.000000000" FRAME="0.000000000"/>
      <VELOCITY_VARIATION VALUE="350.000000" FRAME="0.000000000"/>
      <WEIGHT_VARIATION VALUE="0.000000000" FRAME="0.000000000"/>
      <SIZE_X_VARIATION VALUE="10.0000000" FRAME="0.000000000"/>
      <SIZE_Y_VARIATION VALUE="0.000000000" FRAME="0.000000000"/>
      <SPIN_VARIATION VALUE="0.000000000" FRAME="0.000000000"/>
      <DIRECTION_VARIATION VALUE="0.000000000" FRAME="0.000000000"/>
      <ALPHA_OVERTIME VALUE="0.270000011" FRAME="0.000000000"/>
      <VELOCITY_OVERTIME VALUE="1.00000000" FRAME="0.000000000"/>
      <WEIGHT_OVERTIME VALUE="0.000000000" FRAME="0.000000000"/>
      <SCALE_X_OVERTIME VALUE="1.00000000" FRAME="0.000000000"/>
      <SCALE_X_OVERTIME VALUE="1.12000000" FRAME="1.00000000"/>
      <SCALE_Y_OVERTIME VALUE="1.00000000" FRAME="0.000000000"/>
      <SPIN_OVERTIME VALUE="0.000000000" FRAME="0.000000000"/>
      <RED_OVERTIME VALUE="255.000000" FRAME="0.000000000"/>
      <GREEN_OVERTIME VALUE="0.000000000" FRAME="0.000000000"/>
      <BLUE_OVERTIME VALUE="0.000000000" FRAME="0.000000000"/>
      <DIRECTION VALUE="0.000000000" FRAME="0.000000000"/>
      <DIRECTION_VARIATIONOT VALUE="0.000000000" FRAME="0.000000000"/>
      <FRAMERATE_OVERTIME VALUE="30.0000000" FRAME="0.000000000"/>
      <STRETCH_OVERTIME VALUE="0.000000000" FRAME="0.000000000"/>
      <GLOBAL_VELOCITY VALUE="1.00000000" FRAME="0.000000000"/>
    </PARTICLE>
    <PARTICLE HANDLE_X="13" HANDLE_Y="64" BLENDMODE="4" RELATIVE="1" RANDOM_COLOR="0" SINGLE_PARTICLE="0" LAYER="0" NAME="Laser1" ANIMATE="0" ANIMATE_ONCE="0" FRAME="0" RANDOM_START_FRAME="1" ANIMATION_DIRECTION="1" UNIFORM="1" ANGLE_TYPE="2" ANGLE_OFFSET="0" LOCK_ANGLE="0" ANGLE_RELATIVE="1" USE_EFFECT_EMISSION="1" COLOR_REPEAT="0" ALPHA_REPEAT="0" ONE_SHOT="1" HANDLE_CENTERED="1" GROUP_PARTICLES="0">
      <SHAPE_INDEX>3</SHAPE_INDEX>
      <LIFE VALUE="1050.00000" FRAME="0.000000000"/>
      <AMOUNT VALUE="26.0000000" FRAME="0.000000000"/>
      <BASE_SPEED VALUE="0.000000000" FRAME="0.000000000"/>
      <BASE_WEIGHT VALUE="0.000000000" FRAME="0.000000000"/>
      <BASE_SIZE_X VALUE="5.00000000" FRAME="0.000000000"/>
      <BASE_SIZE_Y VALUE="5.00000000" FRAME="0.000000000"/>
      <BASE_SPIN VALUE="0.000000000" FRAME="0.000000000"/>
      <SPLATTER VALUE="0.000000000" FRAME="0.000000000"/>
      <LIFE_VARIATION VALUE="0.000000000" FRAME="0.000000000"/>
      <AMOUNT_VARIATION VALUE="0.000000000" FRAME="0.000000000"/>
      <VELOCITY_VARIATION VALUE="350.000000" FRAME="0.000000000"/>
      <WEIGHT_VARIATION VALUE="0.000000000" FRAME="0.000000000"/>
      <SIZE_X_VARIATION VALUE="20.0000000" FRAME="0.000000000"/>
      <SIZE_Y_VARIATION VALUE="0.000000000" FRAME="0.000000000"/>
      <SPIN_VARIATION VALUE="0.000000000" FRAME="0.000000000"/>
      <DIRECTION_VARIATION VALUE="0.000000000" FRAME="0.000000000"/>
      <ALPHA_OVERTIME VALUE="0.680000007" FRAME="0.000000000"/>
      <VELOCITY_OVERTIME VALUE="1.00000000" FRAME="0.000000000"/>
      <WEIGHT_OVERTIME VALUE="0.000000000" FRAME="0.000000000"/>
      <SCALE_X_OVERTIME VALUE="1.00000000" FRAME="0.000000000"/>
      <SCALE_X_OVERTIME VALUE="1.12000000" FRAME="1.00000000"/>
      <SCALE_Y_OVERTIME VALUE="1.00000000" FRAME="0.000000000"/>
      <SPIN_OVERTIME VALUE="0.000000000" FRAME="0.000000000"/>
      <RED_OVERTIME VALUE="255.000000" FRAME="0.000000000"/>
      <GREEN_OVERTIME VALUE="0.000000000" FRAME="0.000000000"/>
      <BLUE_OVERTIME VALUE="0.000000000" FRAME="0.000000000"/>
      <DIRECTION VALUE="0.000000000" FRAME="0.000000000"/>
      <DIRECTION_VARIATIONOT VALUE="0.000000000" FRAME="0.000000000"/>
      <FRAMERATE_OVERTIME VALUE="30.0000000" FRAME="0.000000000"/>
      <STRETCH_OVERTIME VALUE="0.000000000" FRAME="0.000000000"/>
      <GLOBAL_VELOCITY VALUE="1.00000000" FRAME="0.000000000"/>
    </PARTICLE>
  </EFFECT>
  <EFFECT TYPE="0" EMITATPOINTS="0" MAXGX="0" MAXGY="0" EMISSION_TYPE="0" ELLIPSE_ARC="360.000000" EFFECT_LENGTH="0" UNIFORM="1" NAME="Thrusters1" HANDLE_CENTER="1" HANDLE_X="0" HANDLE_Y="0" TRAVERSE_EDGE="0" END_BEHAVIOUR="0" DISTANCE_SET_BY_LIFE="0" REVERSE_SPAWN_DIRECTION="0">
    <ANIMATION_PROPERTIES FRAMES="32" WIDTH="128" HEIGHT="128" X="0" Y="0" SEED="0" LOOPED="0" SEAMLESS="0" ZOOM="1.00000000" FRAME_OFFSET="0" COLOUR_EXPORT_OPTION="0" SAVE_EXPORT_OPTION="0" BORDER_EXPORT_OPTION="0" TRANSPARENCY_EXPORT_OPTION="1" AA_EXPORT_OPTION="0" FRAMESTEP_EXPORT_OPTION="0" COLUMNS_EXPORT_OPTION="0" SPECIFYCOLUMNS_EXPORT_OPTION="0" CLSRED_EXPORT_OPTION="0" CLSGREEN_EXPORT_OPTION="0" CLSBLUE_EXPORT_OPTION="0"/>
    <AMOUNT VALUE="1.00000000" FRAME="0.000000000"/>
    <LIFE VALUE="1.00000000" FRAME="0.000000000"/>
    <SIZEX VALUE="1.98000002" FRAME="0.000000000"/>
    <SIZEY VALUE="1.00000000" FRAME="0.000000000"/>
    <VELOCITY VALUE="0.639999986" FRAME="0.000000000"/>
    <WEIGHT VALUE="1.00000000" FRAME="0.000000000"/>
    <SPIN VALUE="1.00000000" FRAME="0.000000000"/>
    <ALPHA VALUE="0.460000008" FRAME="0.000000000"/>
    <EMISSIONANGLE VALUE="180.000000" FRAME="0.000000000"/>
    <EMISSIONRANGE VALUE="5.09999990" FRAME="0.000000000"/>
    <AREA_WIDTH VALUE="1.00000000" FRAME="0.000000000"/>
    <AREA_HEIGHT VALUE="1.00000000" FRAME="0.000000000"/>
    <ANGLE VALUE="0.000000000" FRAME="0.000000000"/>
    <STRETCH VALUE="1.00000000" FRAME="0.000000000"/>
    <GLOBAL_ZOOM VALUE="0.360000014" FRAME="0.000000000"/>
    <PARTICLE HANDLE_X="0" HANDLE_Y="0" BLENDMODE="4" RELATIVE="0" RANDOM_COLOR="0" SINGLE_PARTICLE="0" LAYER="0" NAME="New Emitter" ANIMATE="0" ANIMATE_ONCE="0" FRAME="0" RANDOM_START_FRAME="0" ANIMATION_DIRECTION="1" UNIFORM="1" ANGLE_TYPE="0" ANGLE_OFFSET="180" LOCK_ANGLE="0" ANGLE_RELATIVE="0" USE_EFFECT_EMISSION="1" COLOR_REPEAT="0" ALPHA_REPEAT="0" ONE_SHOT="0" HANDLE_CENTERED="1" GROUP_PARTICLES="0">
      <SHAPE_INDEX>5</SHAPE_INDEX>
      <LIFE VALUE="550.000000" FRAME="0.000000000"/>
      <AMOUNT VALUE="58.0000000" FRAME="0.000000000"/>
      <BASE_SPEED VALUE="1370.00000" FRAME="0.000000000"/>
      <BASE_WEIGHT VALUE="0.000000000" FRAME="0.000000000"/>
      <BASE_SIZE_X VALUE="75.0000000" FRAME="0.000000000"/>
      <BASE_SIZE_Y VALUE="200.000000" FRAME="0.000000000"/>
      <BASE_SPIN VALUE="0.000000000" FRAME="0.000000000"/>
      <SPLATTER VALUE="8.00000000" FRAME="0.000000000"/>
      <LIFE_VARIATION VALUE="0.000000000" FRAME="0.000000000"/>
      <AMOUNT_VARIATION VALUE="0.000000000" FRAME="0.000000000"/>
      <VELOCITY_VARIATION VALUE="0.000000000" FRAME="0.000000000"/>
      <WEIGHT_VARIATION VALUE="0.000000000" FRAME="0.000000000"/>
      <SIZE_X_VARIATION VALUE="105.000000" FRAME="0.000000000"/>
      <SIZE_Y_VARIATION VALUE="0.000000000" FRAME="0.000000000"/>
      <SPIN_VARIATION VALUE="0.000000000" FRAME="0.000000000"/>
      <DIRECTION_VARIATION VALUE="0.000000000" FRAME="0.000000000"/>
      <ALPHA_OVERTIME VALUE="0.529999971" FRAME="0.000000000"/>
      <ALPHA_OVERTIME VALUE="0.000000000" FRAME="1.00000000"/>
      <VELOCITY_OVERTIME VALUE="0.379999161" FRAME="0.000000000"/>
      <WEIGHT_OVERTIME VALUE="0.000000000" FRAME="0.000000000"/>
      <SCALE_X_OVERTIME VALUE="0.000000000" FRAME="0.000000000"/>
      <SCALE_X_OVERTIME VALUE="1.04999995" FRAME="1.00000000"/>
      <SCALE_Y_OVERTIME VALUE="1.00000000" FRAME="0.000000000"/>
      <SPIN_OVERTIME VALUE="0.000000000" FRAME="0.000000000"/>
      <RED_OVERTIME VALUE="128.000000" FRAME="0.000000000"/>
      <GREEN_OVERTIME VALUE="255.000000" FRAME="0.000000000"/>
      <BLUE_OVERTIME VALUE="220.000000" FRAME="0.000000000"/>
      <DIRECTION VALUE="0.000000000" FRAME="0.000000000"/>
      <DIRECTION_VARIATIONOT VALUE="0.000000000" FRAME="0.000000000"/>
      <FRAMERATE_OVERTIME VALUE="30.0000000" FRAME="0.000000000"/>
      <STRETCH_OVERTIME VALUE="0.159999996" FRAME="0.000000000"/>
      <GLOBAL_VELOCITY VALUE="1.00000000" FRAME="0.000000000"/>
    </PARTICLE>
    <PARTICLE HANDLE_X="0" HANDLE_Y="0" BLENDMODE="4" RELATIVE="1" RANDOM_COLOR="0" SINGLE_PARTICLE="0" LAYER="0" NAME="New Emitter1" ANIMATE="0" ANIMATE_ONCE="0" FRAME="0" RANDOM_START_FRAME="0" ANIMATION_DIRECTION="1" UNIFORM="1" ANGLE_TYPE="1" ANGLE_OFFSET="360" LOCK_ANGLE="0" ANGLE_RELATIVE="0" USE_EFFECT_EMISSION="1" COLOR_REPEAT="0" ALPHA_REPEAT="0" ONE_SHOT="0" HANDLE_CENTERED="1" GROUP_PARTICLES="0">
      <SHAPE_INDEX>3</SHAPE_INDEX>
      <LIFE VALUE="1000.00000" FRAME="0.000000000"/>
      <AMOUNT VALUE="22.0000000" FRAME="0.000000000"/>
      <BASE_SPEED VALUE="0.000000000" FRAME="0.000000000"/>
      <BASE_WEIGHT VALUE="0.000000000" FRAME="0.000000000"/>
      <BASE_SIZE_X VALUE="0.000000000" FRAME="0.000000000"/>
      <BASE_SIZE_Y VALUE="200.000000" FRAME="0.000000000"/>
      <BASE_SPIN VALUE="0.000000000" FRAME="0.000000000"/>
      <LIFE_VARIATION VALUE="0.000000000" FRAME="0.000000000"/>
      <AMOUNT_VARIATION VALUE="0.000000000" FRAME="0.000000000"/>
      <VELOCITY_VARIATION VALUE="0.000000000" FRAME="0.000000000"/>
      <WEIGHT_VARIATION VALUE="0.000000000" FRAME="0.000000000"/>
      <SIZE_X_VARIATION VALUE="130.000000" FRAME="0.000000000"/>
      <SIZE_Y_VARIATION VALUE="0.000000000" FRAME="0.000000000"/>
      <SPIN_VARIATION VALUE="0.000000000" FRAME="0.000000000"/>
      <DIRECTION_VARIATION VALUE="0.000000000" FRAME="0.000000000"/>
      <ALPHA_OVERTIME VALUE="0.379999995" FRAME="0.000000000"/>
      <ALPHA_OVERTIME VALUE="0.000000000" FRAME="1.00000000"/>
      <VELOCITY_OVERTIME VALUE="0.239999771" FRAME="0.000000000"/>
      <WEIGHT_OVERTIME VALUE="0.000000000" FRAME="0.000000000"/>
      <SCALE_X_OVERTIME VALUE="1.01999998" FRAME="0.000000000"/>
      <SCALE_Y_OVERTIME VALUE="1.00000000" FRAME="0.000000000"/>
      <SPIN_OVERTIME VALUE="0.000000000" FRAME="0.000000000"/>
      <RED_OVERTIME VALUE="0.000000000" FRAME="0.000000000"/>
      <GREEN_OVERTIME VALUE="255.000000" FRAME="0.000000000"/>
      <BLUE_OVERTIME VALUE="217.000000" FRAME="0.000000000"/>
      <DIRECTION VALUE="0.000000000" FRAME="0.000000000"/>
      <DIRECTION_VARIATIONOT VALUE="0.000000000" FRAME="0.000000000"/>
      <FRAMERATE_OVERTIME VALUE="30.0000000" FRAME="0.000000000"/>
      <GLOBAL_VELOCITY VALUE="1.00000000" FRAME="0.000000000"/>
    </PARTICLE>
    <PARTICLE HANDLE_X="0" HANDLE_Y="0" BLENDMODE="4" RELATIVE="0" RANDOM_COLOR="0" SINGLE_PARTICLE="0" LAYER="0" NAME="New Emitter2" ANIMATE="1" ANIMATE_ONCE="0" FRAME="0" RANDOM_START_FRAME="0" ANIMATION_DIRECTION="1" UNIFORM="1" ANGLE_TYPE="0" ANGLE_OFFSET="360" LOCK_ANGLE="1" ANGLE_RELATIVE="0" USE_EFFECT_EMISSION="1" COLOR_REPEAT="0" ALPHA_REPEAT="0" ONE_SHOT="0" HANDLE_CENTERED="1" GROUP_PARTICLES="0">
      <SHAPE_INDEX>7</SHAPE_INDEX>
      <LIFE VALUE="1000.00000" FRAME="0.000000000"/>
      <AMOUNT VALUE="20.0000000" FRAME="0.000000000"/>
      <BASE_SPEED VALUE="800.000000" FRAME="0.000000000"/>
      <BASE_WEIGHT VALUE="0.000000000" FRAME="0.000000000"/>
      <BASE_SIZE_X VALUE="0.000000000" FRAME="0.000000000"/>
      <BASE_SIZE_Y VALUE="95.0000000" FRAME="0.000000000"/>
      <BASE_SPIN VALUE="0.000000000" FRAME="0.000000000"/>
      <SPLATTER VALUE="14.0000000" FRAME="0.000000000"/>
      <LIFE_VARIATION VALUE="0.000000000" FRAME="0.000000000"/>
      <AMOUNT_VARIATION VALUE="0.000000000" FRAME="0.000000000"/>
      <VELOCITY_VARIATION VALUE="0.000000000" FRAME="0.000000000"/>
      <WEIGHT_VARIATION VALUE="0.000000000" FRAME="0.000000000"/>
      <SIZE_X_VARIATION VALUE="75.0000000" FRAME="0.000000000"/>
      <SIZE_Y_VARIATION VALUE="0.000000000" FRAME="0.000000000"/>
      <SPIN_VARIATION VALUE="0.000000000" FRAME="0.000000000"/>
      <DIRECTION_VARIATION VALUE="0.000000000" FRAME="0.000000000"/>
      <ALPHA_OVERTIME VALUE="1.00000000" FRAME="0.000000000"/>
      <ALPHA_OVERTIME VALUE="0.000000000" FRAME="1.00000000"/>
      <VELOCITY_OVERTIME VALUE="0.239999771" FRAME="0.000000000"/>
      <WEIGHT_OVERTIME VALUE="0.000000000" FRAME="0.000000000"/>
      <SCALE_X_OVERTIME VALUE="0.000000000" FRAME="0.000000000"/>
      <SCALE_X_OVERTIME VALUE="1.04999995" FRAME="1.00000000"/>
      <SCALE_Y_OVERTIME VALUE="0.000000000" FRAME="0.000000000"/>
      <SCALE_Y_OVERTIME VALUE="1.24000001" FRAME="1.00000000"/>
      <SPIN_OVERTIME VALUE="0.000000000" FRAME="0.000000000"/>
      <RED_OVERTIME VALUE="128.000000" FRAME="0.000000000"/>
      <GREEN_OVERTIME VALUE="255.000000" FRAME="0.000000000"/>
      <BLUE_OVERTIME VALUE="255.000000" FRAME="0.000000000"/>
      <DIRECTION VALUE="0.000000000" FRAME="0.000000000"/>
      <DIRECTION_VARIATIONOT VALUE="0.000000000" FRAME="0.000000000"/>
      <FRAMERATE_OVERTIME VALUE="30.0000000" FRAME="0.000000000"/>
      <STRETCH_OVERTIME VALUE="0.600000024" FRAME="0.000000000"/>
      <GLOBAL_VELOCITY VALUE="1.00000000" FRAME="0.000000000"/>
    </PARTICLE>
  </EFFECT>
  <EFFECT TYPE="1" EMITATPOINTS="0" MAXGX="10" MAXGY="10" EMISSION_TYPE="3" ELLIPSE_ARC="125.000000" EFFECT_LENGTH="0" UNIFORM="1" NAME="minesparks" HANDLE_CENTER="1" HANDLE_X="0" HANDLE_Y="0" TRAVERSE_EDGE="0" END_BEHAVIOUR="0" DISTANCE_SET_BY_LIFE="0" REVERSE_SPAWN_DIRECTION="0">
    <ANIMATION_PROPERTIES FRAMES="48" WIDTH="256" HEIGHT="256" X="-15" Y="-9" SEED="15" LOOPED="0" SEAMLESS="0" ZOOM="0.696214437" FRAME_OFFSET="1" COLOUR_EXPORT_OPTION="0" SAVE_EXPORT_OPTION="0" BORDER_EXPORT_OPTION="0" TRANSPARENCY_EXPORT_OPTION="1" AA_EXPORT_OPTION="0" FRAMESTEP_EXPORT_OPTION="0" COLUMNS_EXPORT_OPTION="0" SPECIFYCOLUMNS_EXPORT_OPTION="0" CLSRED_EXPORT_OPTION="0" CLSGREEN_EXPORT_OPTION="0" CLSBLUE_EXPORT_OPTION="0"/>
    <AMOUNT VALUE="0.000000000" FRAME="0.000000000"/>
    <AMOUNT VALUE="1.00000000" FRAME="1500.00000"/>
    <LIFE VALUE="1.00000000" FRAME="0.000000000"/>
    <SIZEX VALUE="1.00000000" FRAME="0.000000000"/>
    <SIZEX VALUE="1.94000006" FRAME="1900.00000"/>
    <SIZEY VALUE="1.00000000" FRAME="0.000000000"/>
    <VELOCITY VALUE="1.00000000" FRAME="0.000000000"/>
    <WEIGHT VALUE="1.00000000" FRAME="0.000000000"/>
    <SPIN VALUE="1.00000000" FRAME="0.000000000"/>
    <ALPHA VALUE="1.00000000" FRAME="0.000000000"/>
    <EMISSIONANGLE VALUE="0.000000000" FRAME="0.000000000"/>
    <EMISSIONRANGE VALUE="0.000000000" FRAME="0.000000000"/>
    <AREA_WIDTH VALUE="32.0000000" FRAME="0.000000000"/>
    <AREA_HEIGHT VALUE="32.0000000" FRAME="0.000000000"/>
    <ANGLE VALUE="44.0000000" FRAME="0.000000000"/>
    <STRETCH VALUE="1.00000000" FRAME="0.000000000"/>
    <GLOBAL_ZOOM VALUE="1.00000000" FRAME="0.000000000"/>
    <PARTICLE HANDLE_X="0" HANDLE_Y="0" BLENDMODE="4" RELATIVE="0" RANDOM_COLOR="1" SINGLE_PARTICLE="0" LAYER="1" NAME="Sparks" ANIMATE="0" ANIMATE_ONCE="0" FRAME="0" RANDOM_START_FRAME="0" ANIMATION_DIRECTION="1" UNIFORM="1" ANGLE_TYPE="0" ANGLE_OFFSET="360" LOCK_ANGLE="1" ANGLE_RELATIVE="0" USE_EFFECT_EMISSION="1" COLOR_REPEAT="0" ALPHA_REPEAT="0" ONE_SHOT="1" HANDLE_CENTERED="1" GROUP_PARTICLES="1">
      <SHAPE_INDEX>2</SHAPE_INDEX>
      <LIFE VALUE="1100.00000" FRAME="0.000000000"/>
      <AMOUNT VALUE="124.000000" FRAME="0.000000000"/>
      <BASE_SPEED VALUE="0.000000000" FRAME="0.000000000"/>
      <BASE_WEIGHT VALUE="-107.500000" FRAME="0.000000000"/>
      <BASE_SIZE_X VALUE="2.00000000" FRAME="0.000000000"/>
      <BASE_SIZE_Y VALUE="200.000000" FRAME="0.000000000"/>
      <BASE_SPIN VALUE="0.000000000" FRAME="0.000000000"/>
      <SPLATTER VALUE="0.000000000" FRAME="0.000000000"/>
      <LIFE_VARIATION VALUE="0.000000000" FRAME="0.000000000"/>
      <AMOUNT_VARIATION VALUE="0.000000000" FRAME="0.000000000"/>
      <VELOCITY_VARIATION VALUE="0.000000000" FRAME="0.000000000"/>
      <WEIGHT_VARIATION VALUE="33.0000000" FRAME="0.000000000"/>
      <SIZE_X_VARIATION VALUE="5.00000000" FRAME="0.000000000"/>
      <SIZE_X_VARIATION VALUE="20.0000000" FRAME="1866.66663"/>
      <SIZE_Y_VARIATION VALUE="0.000000000" FRAME="0.000000000"/>
      <SPIN_VARIATION VALUE="0.000000000" FRAME="0.000000000"/>
      <DIRECTION_VARIATION VALUE="0.860000014" FRAME="0.000000000"/>
      <ALPHA_OVERTIME VALUE="1.00000000" FRAME="0.000000000"/>
      <ALPHA_OVERTIME VALUE="1.00000000" FRAME="0.776666641"/>
      <ALPHA_OVERTIME VALUE="0.000000000" FRAME="1.00000000"/>
      <VELOCITY_OVERTIME VALUE="0.000000000" FRAME="0.000000000"/>
      <WEIGHT_OVERTIME VALUE="0.219999999" FRAME="0.000000000"/>
      <SCALE_X_OVERTIME VALUE="0.000000000" FRAME="0.000000000"/>
      <SCALE_X_OVERTIME VALUE="0.959999979" FRAME="1.00000000">
        <CURVE LEFT_CURVE_POINT_X="0.180000007" LEFT_CURVE_POINT_Y="1.01999998" RIGHT_CURVE_POINT_X="1.06666672" RIGHT_CURVE_POINT_Y="0.959999979"/>
      </SCALE_X_OVERTIME>
      <SCALE_Y_OVERTIME VALUE="1.00000000" FRAME="0.000000000"/>
      <SPIN_OVERTIME VALUE="0.000000000" FRAME="0.000000000"/>
      <RED_OVERTIME VALUE="255.000000" FRAME="0.000000000"/>
      <RED_OVERTIME VALUE="128.000000" FRAME="0.996835470"/>
      <GREEN_OVERTIME VALUE="0.000000000" FRAME="0.000000000"/>
      <GREEN_OVERTIME VALUE="64.0000000" FRAME="0.996835470"/>
      <BLUE_OVERTIME VALUE="0.000000000" FRAME="0.000000000"/>
      <BLUE_OVERTIME VALUE="0.000000000" FRAME="0.996835470"/>
      <DIRECTION VALUE="0.000000000" FRAME="0.000000000"/>
      <DIRECTION_VARIATIONOT VALUE="0.000000000" FRAME="0.000000000"/>
      <FRAMERATE_OVERTIME VALUE="30.0000000" FRAME="0.000000000"/>
      <STRETCH_OVERTIME VALUE="0.000000000" FRAME="0.000000000"/>
      <GLOBAL_VELOCITY VALUE="0.000000000" FRAME="0.000000000"/>
    </PARTICLE>
  </EFFECT>
  <EFFECT TYPE="2" EMITATPOINTS="1" MAXGX="1" MAXGY="0" EMISSION_TYPE="2" ELLIPSE_ARC="360.000000" EFFECT_LENGTH="0" UNIFORM="1" NAME="TractorBeam" HANDLE_CENTER="0" HANDLE_X="0" HANDLE_Y="0" TRAVERSE_EDGE="1" END_BEHAVIOUR="1" DISTANCE_SET_BY_LIFE="0" REVERSE_SPAWN_DIRECTION="0">
    <ANIMATION_PROPERTIES FRAMES="32" WIDTH="128" HEIGHT="128" X="0" Y="0" SEED="0" LOOPED="0" SEAMLESS="0" ZOOM="1.00000000" FRAME_OFFSET="0" COLOUR_EXPORT_OPTION="0" SAVE_EXPORT_OPTION="0" BORDER_EXPORT_OPTION="0" TRANSPARENCY_EXPORT_OPTION="1" AA_EXPORT_OPTION="0" FRAMESTEP_EXPORT_OPTION="0" COLUMNS_EXPORT_OPTION="0" SPECIFYCOLUMNS_EXPORT_OPTION="0" CLSRED_EXPORT_OPTION="0" CLSGREEN_EXPORT_OPTION="0" CLSBLUE_EXPORT_OPTION="0"/>
    <AMOUNT VALUE="1.00000000" FRAME="0.000000000"/>
    <LIFE VALUE="1.00000000" FRAME="0.000000000"/>
    <SIZEX VALUE="1.00000000" FRAME="0.000000000"/>
    <SIZEY VALUE="1.00000000" FRAME="0.000000000"/>
    <VELOCITY VALUE="1.00000000" FRAME="0.000000000"/>
    <WEIGHT VALUE="1.00000000" FRAME="0.000000000"/>
    <SPIN VALUE="1.00000000" FRAME="0.000000000"/>
    <ALPHA VALUE="0.529999971" FRAME="0.000000000"/>
    <EMISSIONANGLE VALUE="136.000000" FRAME="0.000000000"/>
    <EMISSIONRANGE VALUE="0.000000000" FRAME="0.000000000"/>
    <AREA_WIDTH VALUE="250.000000" FRAME="0.000000000"/>
    <AREA_HEIGHT VALUE="0.000000000" FRAME="0.000000000"/>
    <ANGLE VALUE="0.000000000" FRAME="0.000000000"/>
    <STRETCH VALUE="1.00000000" FRAME="0.000000000"/>
    <GLOBAL_ZOOM VALUE="1.00000000" FRAME="0.000000000"/>
    <PARTICLE HANDLE_X="13" HANDLE_Y="64" BLENDMODE="4" RELATIVE="1" RANDOM_COLOR="0" SINGLE_PARTICLE="0" LAYER="0" NAME="Laser" ANIMATE="0" ANIMATE_ONCE="0" FRAME="0" RANDOM_START_FRAME="1" ANIMATION_DIRECTION="1" UNIFORM="0" ANGLE_TYPE="1" ANGLE_OFFSET="0" LOCK_ANGLE="0" ANGLE_RELATIVE="1" USE_EFFECT_EMISSION="1" COLOR_REPEAT="0" ALPHA_REPEAT="0" ONE_SHOT="1" HANDLE_CENTERED="0" GROUP_PARTICLES="0">
      <SHAPE_INDEX>2</SHAPE_INDEX>
      <LIFE VALUE="1050.00000" FRAME="0.000000000"/>
      <AMOUNT VALUE="66.0000000" FRAME="0.000000000"/>
      <BASE_SPEED VALUE="300.000000" FRAME="0.000000000"/>
      <BASE_WEIGHT VALUE="0.000000000" FRAME="0.000000000"/>
      <BASE_SIZE_X VALUE="30.0000000" FRAME="0.000000000"/>
      <BASE_SIZE_Y VALUE="6.00000000" FRAME="0.000000000"/>
      <BASE_SPIN VALUE="0.000000000" FRAME="0.000000000"/>
      <SPLATTER VALUE="6.00000000" FRAME="0.000000000"/>
      <LIFE_VARIATION VALUE="0.000000000" FRAME="0.000000000"/>
      <AMOUNT_VARIATION VALUE="0.000000000" FRAME="0.000000000"/>
      <VELOCITY_VARIATION VALUE="80.0000000" FRAME="0.000000000"/>
      <WEIGHT_VARIATION VALUE="0.000000000" FRAME="0.000000000"/>
      <SIZE_X_VARIATION VALUE="10.0000000" FRAME="0.000000000"/>
      <SIZE_Y_VARIATION VALUE="0.000000000" FRAME="0.000000000"/>
      <SPIN_VARIATION VALUE="0.000000000" FRAME="0.000000000"/>
      <DIRECTION_VARIATION VALUE="0.000000000" FRAME="0.000000000"/>
      <ALPHA_OVERTIME VALUE="0.000000000" FRAME="0.000000000"/>
      <ALPHA_OVERTIME VALUE="0.379999995" FRAME="0.486666679"/>
      <ALPHA_OVERTIME VALUE="0.000000000" FRAME="1.00000000"/>
      <VELOCITY_OVERTIME VALUE="-0.959999084" FRAME="0.000000000"/>
      <WEIGHT_OVERTIME VALUE="0.000000000" FRAME="0.000000000"/>
      <SCALE_X_OVERTIME VALUE="1.00000000" FRAME="0.000000000"/>
      <SCALE_X_OVERTIME VALUE="0.000000000" FRAME="1.00000000"/>
      <SCALE_Y_OVERTIME VALUE="1.00000000" FRAME="0.000000000"/>
      <SCALE_Y_OVERTIME VALUE="0.000000000" FRAME="1.00000000"/>
      <SPIN_OVERTIME VALUE="0.000000000" FRAME="0.000000000"/>
      <RED_OVERTIME VALUE="128.000000" FRAME="0.000000000"/>
      <GREEN_OVERTIME VALUE="255.000000" FRAME="0.000000000"/>
      <BLUE_OVERTIME VALUE="128.000000" FRAME="0.000000000"/>
      <DIRECTION VALUE="0.000000000" FRAME="0.000000000"/>
      <DIRECTION_VARIATIONOT VALUE="0.000000000" FRAME="0.000000000"/>
      <FRAMERATE_OVERTIME VALUE="30.0000000" FRAME="0.000000000"/>
      <STRETCH_OVERTIME VALUE="0.000000000" FRAME="0.000000000"/>
      <GLOBAL_VELOCITY VALUE="1.00000000" FRAME="0.000000000"/>
    </PARTICLE>
    <PARTICLE HANDLE_X="0" HANDLE_Y="64" BLENDMODE="4" RELATIVE="1" RANDOM_COLOR="0" SINGLE_PARTICLE="0" LAYER="0" NAME="Beam" ANIMATE="0" ANIMATE_ONCE="0" FRAME="0" RANDOM_START_FRAME="0" ANIMATION_DIRECTION="1" UNIFORM="0" ANGLE_TYPE="2" ANGLE_OFFSET="0" LOCK_ANGLE="0" ANGLE_RELATIVE="1" USE_EFFECT_EMISSION="1" COLOR_REPEAT="0" ALPHA_REPEAT="0" ONE_SHOT="0" HANDLE_CENTERED="0" GROUP_PARTICLES="0">
      <SHAPE_INDEX>6</SHAPE_INDEX>
      <LIFE VALUE="200.000000" FRAME="0.000000000"/>
      <AMOUNT VALUE="22.0000000" FRAME="0.000000000"/>
      <BASE_SPEED VALUE="0.000000000" FRAME="0.000000000"/>
      <BASE_WEIGHT VALUE="0.000000000" FRAME="0.000000000"/>
      <BASE_SIZE_X VALUE="300.000000" FRAME="0.000000000"/>
      <BASE_SIZE_Y VALUE="105.000000" FRAME="0.000000000"/>
      <BASE_SPIN VALUE="0.000000000" FRAME="0.000000000"/>
      <SPLATTER VALUE="0.000000000" FRAME="0.000000000"/>
      <LIFE_VARIATION VALUE="0.000000000" FRAME="0.000000000"/>
      <AMOUNT_VARIATION VALUE="0.000000000" FRAME="0.000000000"/>
      <VELOCITY_VARIATION VALUE="0.000000000" FRAME="0.000000000"/>
      <WEIGHT_VARIATION VALUE="0.000000000" FRAME="0.000000000"/>
      <SIZE_X_VARIATION VALUE="0.000000000" FRAME="0.000000000"/>
      <SIZE_Y_VARIATION VALUE="0.000000000" FRAME="0.000000000"/>
      <SPIN_VARIATION VALUE="0.000000000" FRAME="0.000000000"/>
      <DIRECTION_VARIATION VALUE="0.000000000" FRAME="0.000000000"/>
      <ALPHA_OVERTIME VALUE="0.000000000" FRAME="0.000000000"/>
      <ALPHA_OVERTIME VALUE="0.140000001" FRAME="0.496666670"/>
      <ALPHA_OVERTIME VALUE="0.000000000" FRAME="1.00000000"/>
      <VELOCITY_OVERTIME VALUE="0.000000000" FRAME="0.000000000"/>
      <WEIGHT_OVERTIME VALUE="0.000000000" FRAME="0.000000000"/>
      <SCALE_X_OVERTIME VALUE="1.00000000" FRAME="0.000000000"/>
      <SCALE_Y_OVERTIME VALUE="1.00000000" FRAME="0.000000000"/>
      <SPIN_OVERTIME VALUE="0.000000000" FRAME="0.000000000"/>
      <RED_OVERTIME VALUE="128.000000" FRAME="0.000000000"/>
      <GREEN_OVERTIME VALUE="255.000000" FRAME="0.000000000"/>
      <BLUE_OVERTIME VALUE="128.000000" FRAME="0.000000000"/>
      <DIRECTION VALUE="0.000000000" FRAME="0.000000000"/>
      <DIRECTION_VARIATIONOT VALUE="0.000000000" FRAME="0.000000000"/>
      <FRAMERATE_OVERTIME VALUE="30.0000000" FRAME="0.000000000"/>
      <STRETCH_OVERTIME VALUE="0.000000000" FRAME="0.000000000"/>
      <GLOBAL_VELOCITY VALUE="1.00000000" FRAME="0.000000000"/>
    </PARTICLE>
  </EFFECT>
  <EFFECT TYPE="0" EMITATPOINTS="0" MAXGX="0" MAXGY="0" EMISSION_TYPE="0" ELLIPSE_ARC="360.000000" EFFECT_LENGTH="0" UNIFORM="0" NAME="TractorBeamRays" HANDLE_CENTER="1" HANDLE_X="0" HANDLE_Y="0" TRAVERSE_EDGE="0" END_BEHAVIOUR="0" DISTANCE_SET_BY_LIFE="0" REVERSE_SPAWN_DIRECTION="0">
    <ANIMATION_PROPERTIES FRAMES="32" WIDTH="128" HEIGHT="128" X="0" Y="0" SEED="0" LOOPED="0" SEAMLESS="0" ZOOM="1.00000000" FRAME_OFFSET="0" COLOUR_EXPORT_OPTION="0" SAVE_EXPORT_OPTION="0" BORDER_EXPORT_OPTION="0" TRANSPARENCY_EXPORT_OPTION="1" AA_EXPORT_OPTION="0" FRAMESTEP_EXPORT_OPTION="0" COLUMNS_EXPORT_OPTION="0" SPECIFYCOLUMNS_EXPORT_OPTION="4" CLSRED_EXPORT_OPTION="0" CLSGREEN_EXPORT_OPTION="0" CLSBLUE_EXPORT_OPTION="0"/>
    <AMOUNT VALUE="1.00000000" FRAME="0.000000000"/>
    <LIFE VALUE="1.00000000" FRAME="0.000000000"/>
    <SIZEX VALUE="1.00000000" FRAME="0.000000000"/>
    <SIZEY VALUE="1.00000000" FRAME="0.000000000"/>
    <VELOCITY VALUE="1.00000000" FRAME="0.000000000"/>
    <WEIGHT VALUE="1.00000000" FRAME="0.000000000"/>
    <SPIN VALUE="1.00000000" FRAME="0.000000000"/>
    <ALPHA VALUE="1.00000000" FRAME="0.000000000"/>
    <EMISSIONANGLE VALUE="0.000000000" FRAME="0.000000000"/>
    <EMISSIONRANGE VALUE="8.39999962" FRAME="0.000000000"/>
    <AREA_WIDTH VALUE="1.00000000" FRAME="0.000000000"/>
    <AREA_HEIGHT VALUE="1.00000000" FRAME="0.000000000"/>
    <ANGLE VALUE="0.000000000" FRAME="0.000000000"/>
    <STRETCH VALUE="1.00000000" FRAME="0.000000000"/>
    <GLOBAL_ZOOM VALUE="1.00000000" FRAME="0.000000000"/>
    <PARTICLE HANDLE_X="66" HANDLE_Y="10" BLENDMODE="4" RELATIVE="1" RANDOM_COLOR="0" SINGLE_PARTICLE="0" LAYER="0" NAME="Rays" ANIMATE="0" ANIMATE_ONCE="0" FRAME="0" RANDOM_START_FRAME="0" ANIMATION_DIRECTION="1" UNIFORM="0" ANGLE_TYPE="0" ANGLE_OFFSET="0" LOCK_ANGLE="0" ANGLE_RELATIVE="1" USE_EFFECT_EMISSION="1" COLOR_REPEAT="0" ALPHA_REPEAT="0" ONE_SHOT="0" HANDLE_CENTERED="0" GROUP_PARTICLES="0">
      <SHAPE_INDEX>5</SHAPE_INDEX>
      <LIFE VALUE="800.000000" FRAME="0.000000000"/>
      <AMOUNT VALUE="30.0000000" FRAME="0.000000000"/>
      <BASE_SPEED VALUE="0.000000000" FRAME="0.000000000"/>
      <BASE_WEIGHT VALUE="0.000000000" FRAME="0.000000000"/>
      <BASE_SIZE_X VALUE="40.0000000" FRAME="0.000000000"/>
      <BASE_SIZE_Y VALUE="345.000000" FRAME="0.000000000"/>
      <BASE_SPIN VALUE="0.000000000" FRAME="0.000000000"/>
      <SPLATTER VALUE="0.000000000" FRAME="0.000000000"/>
      <LIFE_VARIATION VALUE="0.000000000" FRAME="0.000000000"/>
      <AMOUNT_VARIATION VALUE="0.000000000" FRAME="0.000000000"/>
      <VELOCITY_VARIATION VALUE="0.000000000" FRAME="0.000000000"/>
      <WEIGHT_VARIATION VALUE="0.000000000" FRAME="0.000000000"/>
      <SIZE_X_VARIATION VALUE="0.000000000" FRAME="0.000000000"/>
      <SIZE_Y_VARIATION VALUE="0.000000000" FRAME="0.000000000"/>
      <SPIN_VARIATION VALUE="0.000000000" FRAME="0.000000000"/>
      <DIRECTION_VARIATION VALUE="0.000000000" FRAME="0.000000000"/>
      <ALPHA_OVERTIME VALUE="0.000000000" FRAME="0.000000000"/>
      <ALPHA_OVERTIME VALUE="0.109999999" FRAME="0.473333329"/>
      <ALPHA_OVERTIME VALUE="0.000000000" FRAME="1.00000000"/>
      <VELOCITY_OVERTIME VALUE="0.000000000" FRAME="0.000000000"/>
      <WEIGHT_OVERTIME VALUE="0.000000000" FRAME="0.000000000"/>
      <SCALE_X_OVERTIME VALUE="1.00000000" FRAME="0.000000000"/>
      <SCALE_Y_OVERTIME VALUE="1.00000000" FRAME="0.000000000"/>
      <SPIN_OVERTIME VALUE="0.000000000" FRAME="0.000000000"/>
      <RED_OVERTIME VALUE="128.000000" FRAME="0.000000000"/>
      <GREEN_OVERTIME VALUE="255.000000" FRAME="0.000000000"/>
      <BLUE_OVERTIME VALUE="128.000000" FRAME="0.000000000"/>
      <DIRECTION VALUE="0.000000000" FRAME="0.000000000"/>
      <DIRECTION_VARIATIONOT VALUE="0.000000000" FRAME="0.000000000"/>
      <FRAMERATE_OVERTIME VALUE="30.0000000" FRAME="0.000000000"/>
      <STRETCH_OVERTIME VALUE="0.000000000" FRAME="0.000000000"/>
      <GLOBAL_VELOCITY VALUE="1.00000000" FRAME="0.000000000"/>
    </PARTICLE>
  </EFFECT>
  <EFFECT TYPE="3" EMITATPOINTS="0" MAXGX="1" MAXGY="0" EMISSION_TYPE="2" ELLIPSE_ARC="360.000000" EFFECT_LENGTH="0" UNIFORM="1" NAME="TractorBeamFlare" HANDLE_CENTER="1" HANDLE_X="0" HANDLE_Y="0" TRAVERSE_EDGE="0" END_BEHAVIOUR="0" DISTANCE_SET_BY_LIFE="0" REVERSE_SPAWN_DIRECTION="0">
    <ANIMATION_PROPERTIES FRAMES="32" WIDTH="256" HEIGHT="256" X="0" Y="1" SEED="0" LOOPED="0" SEAMLESS="0" ZOOM="1.01542091" FRAME_OFFSET="0" COLOUR_EXPORT_OPTION="0" SAVE_EXPORT_OPTION="0" BORDER_EXPORT_OPTION="0" TRANSPARENCY_EXPORT_OPTION="1" AA_EXPORT_OPTION="0" FRAMESTEP_EXPORT_OPTION="0" COLUMNS_EXPORT_OPTION="0" SPECIFYCOLUMNS_EXPORT_OPTION="0" CLSRED_EXPORT_OPTION="0" CLSGREEN_EXPORT_OPTION="0" CLSBLUE_EXPORT_OPTION="0"/>
    <AMOUNT VALUE="1.00000000" FRAME="0.000000000"/>
    <LIFE VALUE="1.00000000" FRAME="0.000000000"/>
    <SIZEX VALUE="1.00000000" FRAME="0.000000000"/>
    <SIZEY VALUE="1.00000000" FRAME="0.000000000"/>
    <VELOCITY VALUE="1.00000000" FRAME="0.000000000"/>
    <WEIGHT VALUE="1.00000000" FRAME="0.000000000"/>
    <SPIN VALUE="1.00000000" FRAME="0.000000000"/>
    <ALPHA VALUE="1.00000000" FRAME="0.000000000"/>
    <EMISSIONANGLE VALUE="0.000000000" FRAME="0.000000000"/>
    <EMISSIONRANGE VALUE="31.2000008" FRAME="0.000000000"/>
    <AREA_WIDTH VALUE="0.000000000" FRAME="0.000000000"/>
    <AREA_HEIGHT VALUE="1.00000000" FRAME="0.000000000"/>
    <ANGLE VALUE="0.000000000" FRAME="0.000000000"/>
    <STRETCH VALUE="1.00000000" FRAME="0.000000000"/>
    <GLOBAL_ZOOM VALUE="0.400000006" FRAME="0.000000000"/>
    <PARTICLE HANDLE_X="0" HANDLE_Y="0" BLENDMODE="4" RELATIVE="0" RANDOM_COLOR="1" SINGLE_PARTICLE="1" LAYER="1" NAME="Flaretest" ANIMATE="1" ANIMATE_ONCE="0" FRAME="0" RANDOM_START_FRAME="0" ANIMATION_DIRECTION="1" UNIFORM="1" ANGLE_TYPE="0" ANGLE_OFFSET="0" LOCK_ANGLE="1" ANGLE_RELATIVE="0" USE_EFFECT_EMISSION="1" COLOR_REPEAT="0" ALPHA_REPEAT="0" ONE_SHOT="1" HANDLE_CENTERED="1" GROUP_PARTICLES="0">
      <SHAPE_INDEX>0</SHAPE_INDEX>
      <LIFE VALUE="800.000000" FRAME="0.000000000"/>
      <AMOUNT VALUE="8.00000000" FRAME="0.000000000"/>
      <BASE_SPEED VALUE="0.000000000" FRAME="0.000000000"/>
      <BASE_WEIGHT VALUE="0.000000000" FRAME="0.000000000"/>
      <BASE_SIZE_X VALUE="125.000000" FRAME="0.000000000"/>
      <BASE_SIZE_Y VALUE="200.000000" FRAME="0.000000000"/>
      <BASE_SPIN VALUE="0.000000000" FRAME="0.000000000"/>
      <SPLATTER VALUE="0.000000000" FRAME="0.000000000"/>
      <LIFE_VARIATION VALUE="0.000000000" FRAME="0.000000000"/>
      <AMOUNT_VARIATION VALUE="0.000000000" FRAME="0.000000000"/>
      <VELOCITY_VARIATION VALUE="0.000000000" FRAME="0.000000000"/>
      <WEIGHT_VARIATION VALUE="0.000000000" FRAME="0.000000000"/>
      <SIZE_X_VARIATION VALUE="35.0000000" FRAME="0.000000000"/>
      <SIZE_Y_VARIATION VALUE="0.000000000" FRAME="0.000000000"/>
      <SPIN_VARIATION VALUE="0.000000000" FRAME="0.000000000"/>
      <DIRECTION_VARIATION VALUE="0.000000000" FRAME="0.000000000"/>
      <ALPHA_OVERTIME VALUE="0.0700000003" FRAME="0.000000000"/>
      <ALPHA_OVERTIME VALUE="0.000000000" FRAME="1.00000000"/>
      <VELOCITY_OVERTIME VALUE="0.000000000" FRAME="0.000000000"/>
      <WEIGHT_OVERTIME VALUE="0.000000000" FRAME="0.000000000"/>
      <SCALE_X_OVERTIME VALUE="1.00000000" FRAME="0.000000000"/>
      <SCALE_Y_OVERTIME VALUE="1.00000000" FRAME="0.000000000"/>
      <SPIN_OVERTIME VALUE="0.000000000" FRAME="0.000000000"/>
      <RED_OVERTIME VALUE="128.000000" FRAME="0.000000000"/>
      <GREEN_OVERTIME VALUE="255.000000" FRAME="0.000000000"/>
      <BLUE_OVERTIME VALUE="128.000000" FRAME="0.000000000"/>
      <DIRECTION VALUE="0.000000000" FRAME="0.000000000"/>
      <DIRECTION_VARIATIONOT VALUE="0.000000000" FRAME="0.000000000"/>
      <DIRECTION_VARIATIONOT VALUE="0.000000000" FRAME="1.00000000"/>
      <FRAMERATE_OVERTIME VALUE="30.0000000" FRAME="0.000000000"/>
      <STRETCH_OVERTIME VALUE="0.000000000" FRAME="0.000000000"/>
      <GLOBAL_VELOCITY VALUE="1.00000000" FRAME="0.000000000"/>
    </PARTICLE>
  </EFFECT>
  <EFFECT TYPE="0" EMITATPOINTS="0" MAXGX="5" MAXGY="0" EMISSION_TYPE="0" ELLIPSE_ARC="360.000000" EFFECT_LENGTH="0" UNIFORM="1" NAME="Absorb" HANDLE_CENTER="1" HANDLE_X="0" HANDLE_Y="0" TRAVERSE_EDGE="0" END_BEHAVIOUR="0" DISTANCE_SET_BY_LIFE="0" REVERSE_SPAWN_DIRECTION="0">
    <ANIMATION_PROPERTIES FRAMES="32" WIDTH="128" HEIGHT="128" X="0" Y="0" SEED="0" LOOPED="0" SEAMLESS="0" ZOOM="1.00000000" FRAME_OFFSET="0" COLOUR_EXPORT_OPTION="0" SAVE_EXPORT_OPTION="0" BORDER_EXPORT_OPTION="0" TRANSPARENCY_EXPORT_OPTION="1" AA_EXPORT_OPTION="0" FRAMESTEP_EXPORT_OPTION="0" COLUMNS_EXPORT_OPTION="0" SPECIFYCOLUMNS_EXPORT_OPTION="0" CLSRED_EXPORT_OPTION="0" CLSGREEN_EXPORT_OPTION="0" CLSBLUE_EXPORT_OPTION="0"/>
    <AMOUNT VALUE="1.00000000" FRAME="0.000000000"/>
    <LIFE VALUE="1.00000000" FRAME="0.000000000"/>
    <SIZEX VALUE="1.79999995" FRAME="0.000000000"/>
    <SIZEY VALUE="1.00000000" FRAME="0.000000000"/>
    <VELOCITY VALUE="1.00000000" FRAME="0.000000000"/>
    <WEIGHT VALUE="1.00000000" FRAME="0.000000000"/>
    <SPIN VALUE="1.00000000" FRAME="0.000000000"/>
    <ALPHA VALUE="1.00000000" FRAME="0.000000000"/>
    <EMISSIONANGLE VALUE="0.000000000" FRAME="0.000000000"/>
    <EMISSIONRANGE VALUE="180.000000" FRAME="0.000000000"/>
    <AREA_WIDTH VALUE="1.00000000" FRAME="0.000000000"/>
    <AREA_HEIGHT VALUE="1.00000000" FRAME="0.000000000"/>
    <ANGLE VALUE="0.000000000" FRAME="0.000000000"/>
    <STRETCH VALUE="1.00000000" FRAME="0.000000000"/>
    <GLOBAL_ZOOM VALUE="0.479999989" FRAME="0.000000000"/>
    <PARTICLE HANDLE_X="16" HANDLE_Y="20" BLENDMODE="4" RELATIVE="0" RANDOM_COLOR="0" SINGLE_PARTICLE="0" LAYER="0" NAME="Glow1" ANIMATE="0" ANIMATE_ONCE="0" FRAME="0" RANDOM_START_FRAME="0" ANIMATION_DIRECTION="1" UNIFORM="1" ANGLE_TYPE="0" ANGLE_OFFSET="0" LOCK_ANGLE="1" ANGLE_RELATIVE="0" USE_EFFECT_EMISSION="1" COLOR_REPEAT="0" ALPHA_REPEAT="0" ONE_SHOT="1" HANDLE_CENTERED="1" GROUP_PARTICLES="0">
      <SHAPE_INDEX>2</SHAPE_INDEX>
      <LIFE VALUE="700.000000" FRAME="0.000000000"/>
      <AMOUNT VALUE="112.000000" FRAME="0.000000000"/>
      <AMOUNT VALUE="0.000000000" FRAME="266.666656"/>
      <BASE_SPEED VALUE="270.000000" FRAME="0.000000000"/>
      <BASE_WEIGHT VALUE="0.000000000" FRAME="0.000000000"/>
      <BASE_SIZE_X VALUE="30.0000000" FRAME="0.000000000"/>
      <BASE_SIZE_Y VALUE="200.000000" FRAME="0.000000000"/>
      <BASE_SPIN VALUE="0.000000000" FRAME="0.000000000"/>
      <SPLATTER VALUE="0.000000000" FRAME="0.000000000"/>
      <LIFE_VARIATION VALUE="0.000000000" FRAME="0.000000000"/>
      <AMOUNT_VARIATION VALUE="0.000000000" FRAME="0.000000000"/>
      <VELOCITY_VARIATION VALUE="210.000000" FRAME="0.000000000"/>
      <WEIGHT_VARIATION VALUE="0.000000000" FRAME="0.000000000"/>
      <SIZE_X_VARIATION VALUE="25.0000000" FRAME="0.000000000"/>
      <SIZE_Y_VARIATION VALUE="0.000000000" FRAME="0.000000000"/>
      <SPIN_VARIATION VALUE="0.000000000" FRAME="0.000000000"/>
      <DIRECTION_VARIATION VALUE="1.03999996" FRAME="0.000000000"/>
      <ALPHA_OVERTIME VALUE="0.000000000" FRAME="0.000000000"/>
      <ALPHA_OVERTIME VALUE="0.829999983" FRAME="0.506666660"/>
      <ALPHA_OVERTIME VALUE="0.000000000" FRAME="1.00000000"/>
      <VELOCITY_OVERTIME VALUE="0.719999313" FRAME="0.000000000"/>
      <WEIGHT_OVERTIME VALUE="0.000000000" FRAME="0.000000000"/>
      <SCALE_X_OVERTIME VALUE="0.239999995" FRAME="0.000000000"/>
      <SCALE_X_OVERTIME VALUE="0.180000007" FRAME="1.00000000"/>
      <SCALE_Y_OVERTIME VALUE="1.00000000" FRAME="0.000000000"/>
      <SPIN_OVERTIME VALUE="0.000000000" FRAME="0.000000000"/>
      <RED_OVERTIME VALUE="128.000000" FRAME="0.000000000"/>
      <GREEN_OVERTIME VALUE="255.000000" FRAME="0.000000000"/>
      <BLUE_OVERTIME VALUE="255.000000" FRAME="0.000000000"/>
      <DIRECTION VALUE="0.000000000" FRAME="0.000000000"/>
      <DIRECTION_VARIATIONOT VALUE="0.699999988" FRAME="0.000000000"/>
      <FRAMERATE_OVERTIME VALUE="30.0000000" FRAME="0.000000000"/>
      <STRETCH_OVERTIME VALUE="0.000000000" FRAME="0.000000000"/>
      <GLOBAL_VELOCITY VALUE="1.00000000" FRAME="0.000000000"/>
    </PARTICLE>
    <PARTICLE HANDLE_X="11" HANDLE_Y="8" BLENDMODE="4" RELATIVE="1" RANDOM_COLOR="1" SINGLE_PARTICLE="0" LAYER="0" NAME="Electric" ANIMATE="0" ANIMATE_ONCE="0" FRAME="0" RANDOM_START_FRAME="1" ANIMATION_DIRECTION="1" UNIFORM="1" ANGLE_TYPE="1" ANGLE_OFFSET="360" LOCK_ANGLE="0" ANGLE_RELATIVE="0" USE_EFFECT_EMISSION="1" COLOR_REPEAT="0" ALPHA_REPEAT="0" ONE_SHOT="1" HANDLE_CENTERED="0" GROUP_PARTICLES="0">
      <SHAPE_INDEX>4</SHAPE_INDEX>
      <LIFE VALUE="300.000000" FRAME="0.000000000"/>
      <AMOUNT VALUE="32.0000000" FRAME="0.000000000"/>
      <AMOUNT VALUE="34.0000000" FRAME="533.333313"/>
      <AMOUNT VALUE="0.000000000" FRAME="666.666687"/>
      <BASE_SPEED VALUE="0.000000000" FRAME="0.000000000"/>
      <BASE_WEIGHT VALUE="0.000000000" FRAME="0.000000000"/>
      <BASE_SIZE_X VALUE="80.0000000" FRAME="0.000000000"/>
      <BASE_SIZE_Y VALUE="200.000000" FRAME="0.000000000"/>
      <BASE_SPIN VALUE="0.000000000" FRAME="0.000000000"/>
      <SPLATTER VALUE="12.0000000" FRAME="0.000000000"/>
      <LIFE_VARIATION VALUE="0.000000000" FRAME="0.000000000"/>
      <AMOUNT_VARIATION VALUE="0.000000000" FRAME="0.000000000"/>
      <VELOCITY_VARIATION VALUE="0.000000000" FRAME="0.000000000"/>
      <WEIGHT_VARIATION VALUE="0.000000000" FRAME="0.000000000"/>
      <SIZE_X_VARIATION VALUE="80.0000000" FRAME="0.000000000"/>
      <SIZE_Y_VARIATION VALUE="0.000000000" FRAME="0.000000000"/>
      <SPIN_VARIATION VALUE="0.000000000" FRAME="0.000000000"/>
      <DIRECTION_VARIATION VALUE="0.000000000" FRAME="0.000000000"/>
      <ALPHA_OVERTIME VALUE="1.00000000" FRAME="0.000000000"/>
      <ALPHA_OVERTIME VALUE="0.000000000" FRAME="1.00000000"/>
      <VELOCITY_OVERTIME VALUE="0.000000000" FRAME="0.000000000"/>
      <WEIGHT_OVERTIME VALUE="0.000000000" FRAME="0.000000000"/>
      <SCALE_X_OVERTIME VALUE="0.000000000" FRAME="0.000000000"/>
      <SCALE_X_OVERTIME VALUE="1.13999999" FRAME="1.00000000"/>
      <SCALE_Y_OVERTIME VALUE="1.00000000" FRAME="0.000000000"/>
      <SPIN_OVERTIME VALUE="0.000000000" FRAME="0.000000000"/>
      <RED_OVERTIME VALUE="128.000000" FRAME="0.000000000"/>
      <GREEN_OVERTIME VALUE="255.000000" FRAME="0.000000000"/>
      <BLUE_OVERTIME VALUE="255.000000" FRAME="0.000000000"/>
      <DIRECTION VALUE="0.000000000" FRAME="0.000000000"/>
      <DIRECTION_VARIATIONOT VALUE="0.000000000" FRAME="0.000000000"/>
      <FRAMERATE_OVERTIME VALUE="0.259999990" FRAME="0.000000000"/>
      <GLOBAL_VELOCITY VALUE="1.00000000" FRAME="0.000000000"/>
    </PARTICLE>
  </EFFECT>
  <EFFECT TYPE="3" EMITATPOINTS="0" MAXGX="2" MAXGY="0" EMISSION_TYPE="2" ELLIPSE_ARC="360.000000" EFFECT_LENGTH="0" UNIFORM="1" NAME="Flare2" HANDLE_CENTER="1" HANDLE_X="0" HANDLE_Y="0" TRAVERSE_EDGE="0" END_BEHAVIOUR="0" DISTANCE_SET_BY_LIFE="0" REVERSE_SPAWN_DIRECTION="0">
    <ANIMATION_PROPERTIES FRAMES="32" WIDTH="256" HEIGHT="256" X="0" Y="1" SEED="0" LOOPED="0" SEAMLESS="0" ZOOM="1.01542091" FRAME_OFFSET="0" COLOUR_EXPORT_OPTION="0" SAVE_EXPORT_OPTION="0" BORDER_EXPORT_OPTION="0" TRANSPARENCY_EXPORT_OPTION="1" AA_EXPORT_OPTION="0" FRAMESTEP_EXPORT_OPTION="0" COLUMNS_EXPORT_OPTION="0" SPECIFYCOLUMNS_EXPORT_OPTION="0" CLSRED_EXPORT_OPTION="0" CLSGREEN_EXPORT_OPTION="0" CLSBLUE_EXPORT_OPTION="0"/>
    <AMOUNT VALUE="1.00000000" FRAME="0.000000000"/>
    <LIFE VALUE="1.00000000" FRAME="0.000000000"/>
    <SIZEX VALUE="1.00000000" FRAME="0.000000000"/>
    <SIZEY VALUE="1.00000000" FRAME="0.000000000"/>
    <VELOCITY VALUE="1.00000000" FRAME="0.000000000"/>
    <WEIGHT VALUE="1.00000000" FRAME="0.000000000"/>
    <SPIN VALUE="1.00000000" FRAME="0.000000000"/>
    <ALPHA VALUE="1.00000000" FRAME="0.000000000"/>
    <EMISSIONANGLE VALUE="0.000000000" FRAME="0.000000000"/>
    <EMISSIONRANGE VALUE="31.2000008" FRAME="0.000000000"/>
    <AREA_WIDTH VALUE="0.000000000" FRAME="0.000000000"/>
    <AREA_HEIGHT VALUE="1.00000000" FRAME="0.000000000"/>
    <ANGLE VALUE="0.000000000" FRAME="0.000000000"/>
    <STRETCH VALUE="1.00000000" FRAME="0.000000000"/>
    <GLOBAL_ZOOM VALUE="0.400000006" FRAME="0.000000000"/>
    <PARTICLE HANDLE_X="0" HANDLE_Y="0" BLENDMODE="4" RELATIVE="0" RANDOM_COLOR="1" SINGLE_PARTICLE="1" LAYER="1" NAME="Flaretest" ANIMATE="0" ANIMATE_ONCE="0" FRAME="0" RANDOM_START_FRAME="0" ANIMATION_DIRECTION="1" UNIFORM="1" ANGLE_TYPE="0" ANGLE_OFFSET="0" LOCK_ANGLE="1" ANGLE_RELATIVE="0" USE_EFFECT_EMISSION="1" COLOR_REPEAT="0" ALPHA_REPEAT="0" ONE_SHOT="1" HANDLE_CENTERED="1" GROUP_PARTICLES="0">
      <SHAPE_INDEX>2</SHAPE_INDEX>
      <LIFE VALUE="350.000000" FRAME="0.000000000"/>
      <AMOUNT VALUE="44.0000000" FRAME="0.000000000"/>
      <BASE_SPEED VALUE="240.000000" FRAME="0.000000000"/>
      <BASE_WEIGHT VALUE="330.000000" FRAME="0.000000000"/>
      <BASE_SIZE_X VALUE="5.00000000" FRAME="0.000000000"/>
      <BASE_SIZE_Y VALUE="200.000000" FRAME="0.000000000"/>
      <BASE_SPIN VALUE="0.000000000" FRAME="0.000000000"/>
      <SPLATTER VALUE="14.0000000" FRAME="0.000000000"/>
      <LIFE_VARIATION VALUE="0.000000000" FRAME="0.000000000"/>
      <AMOUNT_VARIATION VALUE="0.000000000" FRAME="0.000000000"/>
      <VELOCITY_VARIATION VALUE="300.000000" FRAME="0.000000000"/>
      <WEIGHT_VARIATION VALUE="0.000000000" FRAME="0.000000000"/>
      <SIZE_X_VARIATION VALUE="5.00000000" FRAME="0.000000000"/>
      <SIZE_Y_VARIATION VALUE="0.000000000" FRAME="0.000000000"/>
      <SPIN_VARIATION VALUE="0.000000000" FRAME="0.000000000"/>
      <DIRECTION_VARIATION VALUE="0.000000000" FRAME="0.000000000"/>
      <ALPHA_OVERTIME VALUE="1.00000000" FRAME="0.000000000"/>
      <ALPHA_OVERTIME VALUE="1.00000000" FRAME="0.776666641"/>
      <ALPHA_OVERTIME VALUE="0.000000000" FRAME="1.00000000"/>
      <VELOCITY_OVERTIME VALUE="1.26000023" FRAME="0.000000000"/>
      <VELOCITY_OVERTIME VALUE="0.819999695" FRAME="0.506666660">
        <CURVE LEFT_CURVE_POINT_X="0.236666679" LEFT_CURVE_POINT_Y="0.819999695" RIGHT_CURVE_POINT_X="0.573333263" RIGHT_CURVE_POINT_Y="0.819999695"/>
      </VELOCITY_OVERTIME>
      <WEIGHT_OVERTIME VALUE="1.00000000" FRAME="0.000000000"/>
      <SCALE_X_OVERTIME VALUE="1.00000000" FRAME="0.000000000"/>
      <SCALE_Y_OVERTIME VALUE="1.00000000" FRAME="0.000000000"/>
      <SPIN_OVERTIME VALUE="0.000000000" FRAME="0.000000000"/>
      <RED_OVERTIME VALUE="255.000000" FRAME="0.000000000"/>
      <GREEN_OVERTIME VALUE="128.000000" FRAME="0.000000000"/>
      <BLUE_OVERTIME VALUE="64.0000000" FRAME="0.000000000"/>
      <DIRECTION VALUE="0.000000000" FRAME="0.000000000"/>
      <DIRECTION_VARIATIONOT VALUE="0.000000000" FRAME="0.000000000"/>
      <DIRECTION_VARIATIONOT VALUE="0.000000000" FRAME="1.00000000"/>
      <FRAMERATE_OVERTIME VALUE="30.0000000" FRAME="0.000000000"/>
      <STRETCH_OVERTIME VALUE="0.000000000" FRAME="0.000000000"/>
      <STRETCH_OVERTIME VALUE="0.100000001" FRAME="0.133333340"/>
      <GLOBAL_VELOCITY VALUE="1.00000000" FRAME="0.000000000"/>
    </PARTICLE>
  </EFFECT>
  <EFFECT TYPE="3" EMITATPOINTS="0" MAXGX="50" MAXGY="1" EMISSION_TYPE="0" ELLIPSE_ARC="360.000000" EFFECT_LENGTH="0" UNIFORM="1" NAME="Toon Smoke Puff Ring" HANDLE_CENTER="1" HANDLE_X="0" HANDLE_Y="0" TRAVERSE_EDGE="0" END_BEHAVIOUR="0" DISTANCE_SET_BY_LIFE="0" REVERSE_SPAWN_DIRECTION="0">
    <ANIMATION_PROPERTIES FRAMES="40" WIDTH="128" HEIGHT="128" X="-4" Y="5" SEED="0" LOOPED="0" SEAMLESS="0" ZOOM="0.736064613" FRAME_OFFSET="1" COLOUR_EXPORT_OPTION="0" SAVE_EXPORT_OPTION="0" BORDER_EXPORT_OPTION="0" TRANSPARENCY_EXPORT_OPTION="1" AA_EXPORT_OPTION="0" FRAMESTEP_EXPORT_OPTION="0" COLUMNS_EXPORT_OPTION="0" SPECIFYCOLUMNS_EXPORT_OPTION="0" CLSRED_EXPORT_OPTION="0" CLSGREEN_EXPORT_OPTION="0" CLSBLUE_EXPORT_OPTION="0"/>
    <AMOUNT VALUE="1.00000000" FRAME="0.000000000"/>
    <LIFE VALUE="1.00000000" FRAME="0.000000000"/>
    <SIZEX VALUE="1.00000000" FRAME="0.000000000"/>
    <SIZEY VALUE="1.00000000" FRAME="0.000000000"/>
    <VELOCITY VALUE="1.00000000" FRAME="0.000000000"/>
    <WEIGHT VALUE="1.00000000" FRAME="0.000000000"/>
    <SPIN VALUE="1.00000000" FRAME="0.000000000"/>
    <ALPHA VALUE="1.00000000" FRAME="0.000000000"/>
    <EMISSIONANGLE VALUE="0.000000000" FRAME="0.000000000"/>
    <EMISSIONRANGE VALUE="180.000000" FRAME="0.000000000"/>
    <AREA_WIDTH VALUE="1.00000000" FRAME="0.000000000"/>
    <AREA_HEIGHT VALUE="1.00000000" FRAME="0.000000000"/>
    <ANGLE VALUE="0.000000000" FRAME="0.000000000"/>
    <STRETCH VALUE="1.00000000" FRAME="0.000000000"/>
    <PARTICLE HANDLE_X="61" HANDLE_Y="65" BLENDMODE="3" RELATIVE="0" RANDOM_COLOR="0" SINGLE_PARTICLE="1" LAYER="1" NAME="Smoke1" ANIMATE="0" ANIMATE_ONCE="0" FRAME="0" RANDOM_START_FRAME="1" ANIMATION_DIRECTION="1" UNIFORM="1" ANGLE_TYPE="2" ANGLE_OFFSET="360" LOCK_ANGLE="0" ANGLE_RELATIVE="0" USE_EFFECT_EMISSION="1" COLOR_REPEAT="0" ALPHA_REPEAT="0" ONE_SHOT="1" HANDLE_CENTERED="1" GROUP_PARTICLES="0">
      <SHAPE_INDEX>9</SHAPE_INDEX>
      <LIFE VALUE="1000.00000" FRAME="0.000000000"/>
      <AMOUNT VALUE="1.00000000" FRAME="0.000000000"/>
      <BASE_SPEED VALUE="195.000000" FRAME="0.000000000"/>
      <BASE_WEIGHT VALUE="0.000000000" FRAME="0.000000000"/>
      <BASE_SIZE_X VALUE="22.5000000" FRAME="0.000000000"/>
      <BASE_SIZE_Y VALUE="200.000000" FRAME="0.000000000"/>
      <BASE_SPIN VALUE="0.000000000" FRAME="0.000000000"/>
      <LIFE_VARIATION VALUE="225.000000" FRAME="0.000000000"/>
      <AMOUNT_VARIATION VALUE="0.000000000" FRAME="0.000000000"/>
      <VELOCITY_VARIATION VALUE="0.000000000" FRAME="0.000000000"/>
      <WEIGHT_VARIATION VALUE="0.000000000" FRAME="0.000000000"/>
      <SIZE_X_VARIATION VALUE="30.0000000" FRAME="0.000000000"/>
      <SIZE_Y_VARIATION VALUE="0.000000000" FRAME="0.000000000"/>
      <SPIN_VARIATION VALUE="254.000000" FRAME="0.000000000"/>
      <DIRECTION_VARIATION VALUE="0.000000000" FRAME="0.000000000"/>
      <ALPHA_OVERTIME VALUE="1.00000000" FRAME="0.000000000"/>
      <VELOCITY_OVERTIME VALUE="0.920000076" FRAME="0.000000000"/>
      <VELOCITY_OVERTIME VALUE="0.000000000" FRAME="1.00000000">
        <CURVE LEFT_CURVE_POINT_X="0.314999998" LEFT_CURVE_POINT_Y="0.000000000" RIGHT_CURVE_POINT_X="1.03333330" RIGHT_CURVE_POINT_Y="0.000000000"/>
      </VELOCITY_OVERTIME>
      <WEIGHT_OVERTIME VALUE="0.000000000" FRAME="0.000000000"/>
      <WEIGHT_OVERTIME VALUE="2.16000009" FRAME="1.00000000"/>
      <SCALE_X_OVERTIME VALUE="0.000000000" FRAME="0.000000000"/>
      <SCALE_X_OVERTIME VALUE="0.970000029" FRAME="0.0583333336">
        <CURVE LEFT_CURVE_POINT_X="0.00166666880" LEFT_CURVE_POINT_Y="0.970000029" RIGHT_CURVE_POINT_X="0.0916666985" RIGHT_CURVE_POINT_Y="0.970000029"/>
      </SCALE_X_OVERTIME>
      <SCALE_X_OVERTIME VALUE="1.00999999" FRAME="0.656666696">
        <CURVE LEFT_CURVE_POINT_X="0.623333335" LEFT_CURVE_POINT_Y="1.00999999" RIGHT_CURVE_POINT_X="0.865000010" RIGHT_CURVE_POINT_Y="1.00999999"/>
      </SCALE_X_OVERTIME>
      <SCALE_X_OVERTIME VALUE="0.000000000" FRAME="1.00000000"/>
      <SCALE_Y_OVERTIME VALUE="1.00000000" FRAME="0.000000000"/>
      <SPIN_OVERTIME VALUE="0.000000000" FRAME="0.000000000"/>
      <RED_OVERTIME VALUE="192.000000" FRAME="0.000000000"/>
      <RED_OVERTIME VALUE="48.0000000" FRAME="1.00000000"/>
      <GREEN_OVERTIME VALUE="192.000000" FRAME="0.000000000"/>
      <GREEN_OVERTIME VALUE="48.0000000" FRAME="1.00000000"/>
      <BLUE_OVERTIME VALUE="192.000000" FRAME="0.000000000"/>
      <BLUE_OVERTIME VALUE="48.0000000" FRAME="1.00000000"/>
      <DIRECTION VALUE="0.000000000" FRAME="0.000000000"/>
      <DIRECTION_VARIATIONOT VALUE="0.000000000" FRAME="0.000000000"/>
      <FRAMERATE_OVERTIME VALUE="30.0000000" FRAME="0.000000000"/>
      <STRETCH_OVERTIME VALUE="0.000000000" FRAME="0.000000000"/>
      <GLOBAL_VELOCITY VALUE="1.00000000" FRAME="0.000000000"/>
    </PARTICLE>
    <PARTICLE HANDLE_X="0" HANDLE_Y="0" BLENDMODE="4" RELATIVE="0" RANDOM_COLOR="1" SINGLE_PARTICLE="1" LAYER="0" NAME="Sparks" ANIMATE="0" ANIMATE_ONCE="0" FRAME="0" RANDOM_START_FRAME="0" ANIMATION_DIRECTION="1" UNIFORM="1" ANGLE_TYPE="0" ANGLE_OFFSET="360" LOCK_ANGLE="1" ANGLE_RELATIVE="0" USE_EFFECT_EMISSION="1" COLOR_REPEAT="0" ALPHA_REPEAT="0" ONE_SHOT="1" HANDLE_CENTERED="1" GROUP_PARTICLES="0">
      <SHAPE_INDEX>2</SHAPE_INDEX>
      <LIFE VALUE="1100.00000" FRAME="0.000000000"/>
      <AMOUNT VALUE="434.000000" FRAME="0.000000000"/>
      <AMOUNT VALUE="214.000000" FRAME="800.000000"/>
      <AMOUNT VALUE="0.000000000" FRAME="933.333313"/>
      <BASE_SPEED VALUE="200.000000" FRAME="0.000000000"/>
      <BASE_WEIGHT VALUE="-92.5000000" FRAME="0.000000000"/>
      <BASE_SIZE_X VALUE="2.00000000" FRAME="0.000000000"/>
      <BASE_SIZE_Y VALUE="200.000000" FRAME="0.000000000"/>
      <BASE_SPIN VALUE="0.000000000" FRAME="0.000000000"/>
      <SPLATTER VALUE="0.000000000" FRAME="0.000000000"/>
      <LIFE_VARIATION VALUE="550.000000" FRAME="0.000000000"/>
      <AMOUNT_VARIATION VALUE="0.000000000" FRAME="0.000000000"/>
      <VELOCITY_VARIATION VALUE="100.000000" FRAME="0.000000000"/>
      <WEIGHT_VARIATION VALUE="18.0000000" FRAME="0.000000000"/>
      <SIZE_X_VARIATION VALUE="5.00000000" FRAME="0.000000000"/>
      <SIZE_Y_VARIATION VALUE="0.000000000" FRAME="0.000000000"/>
      <SPIN_VARIATION VALUE="0.000000000" FRAME="0.000000000"/>
      <DIRECTION_VARIATION VALUE="1.05999994" FRAME="0.000000000"/>
      <ALPHA_OVERTIME VALUE="1.00000000" FRAME="0.000000000"/>
      <ALPHA_OVERTIME VALUE="1.00000000" FRAME="0.776666641"/>
      <ALPHA_OVERTIME VALUE="0.000000000" FRAME="1.00000000"/>
      <VELOCITY_OVERTIME VALUE="1.78000069" FRAME="0.000000000"/>
      <VELOCITY_OVERTIME VALUE="0.0799999237" FRAME="0.219999999">
        <CURVE LEFT_CURVE_POINT_X="0.100000009" LEFT_CURVE_POINT_Y="0.100000381" RIGHT_CURVE_POINT_X="0.286666691" RIGHT_CURVE_POINT_Y="0.0799980164"/>
      </VELOCITY_OVERTIME>
      <VELOCITY_OVERTIME VALUE="0.000000000" FRAME="1.00000000"/>
      <WEIGHT_OVERTIME VALUE="0.639999986" FRAME="0.000000000"/>
      <SCALE_X_OVERTIME VALUE="2.00000000" FRAME="0.000000000"/>
      <SCALE_X_OVERTIME VALUE="0.959999979" FRAME="1.00000000">
        <CURVE LEFT_CURVE_POINT_X="0.180000007" LEFT_CURVE_POINT_Y="1.01999998" RIGHT_CURVE_POINT_X="1.06666672" RIGHT_CURVE_POINT_Y="0.959999979"/>
      </SCALE_X_OVERTIME>
      <SCALE_Y_OVERTIME VALUE="1.00000000" FRAME="0.000000000"/>
      <SPIN_OVERTIME VALUE="0.000000000" FRAME="0.000000000"/>
      <RED_OVERTIME VALUE="255.000000" FRAME="0.000000000"/>
      <RED_OVERTIME VALUE="128.000000" FRAME="0.996835470"/>
      <GREEN_OVERTIME VALUE="0.000000000" FRAME="0.000000000"/>
      <GREEN_OVERTIME VALUE="64.0000000" FRAME="0.996835470"/>
      <BLUE_OVERTIME VALUE="0.000000000" FRAME="0.000000000"/>
      <BLUE_OVERTIME VALUE="0.000000000" FRAME="0.996835470"/>
      <DIRECTION VALUE="0.000000000" FRAME="0.000000000"/>
      <DIRECTION_VARIATIONOT VALUE="0.000000000" FRAME="0.000000000"/>
      <DIRECTION_VARIATIONOT VALUE="0.759999990" FRAME="1.00000000"/>
      <FRAMERATE_OVERTIME VALUE="30.0000000" FRAME="0.000000000"/>
      <STRETCH_OVERTIME VALUE="0.0599999987" FRAME="0.000000000"/>
      <STRETCH_OVERTIME VALUE="0.000000000" FRAME="1.00000000"/>
      <GLOBAL_VELOCITY VALUE="1.00000000" FRAME="0.000000000"/>
    </PARTICLE>
    <PARTICLE HANDLE_X="0" HANDLE_Y="0" BLENDMODE="4" RELATIVE="0" RANDOM_COLOR="0" SINGLE_PARTICLE="1" LAYER="0" NAME="Pang Flare" ANIMATE="0" ANIMATE_ONCE="0" FRAME="0" RANDOM_START_FRAME="0" ANIMATION_DIRECTION="1" UNIFORM="0" ANGLE_TYPE="1" ANGLE_OFFSET="360" LOCK_ANGLE="0" ANGLE_RELATIVE="0" USE_EFFECT_EMISSION="1" COLOR_REPEAT="0" ALPHA_REPEAT="0" ONE_SHOT="1" HANDLE_CENTERED="1" GROUP_PARTICLES="0">
      <SHAPE_INDEX>8</SHAPE_INDEX>
      <LIFE VALUE="975.000000" FRAME="0.000000000"/>
      <AMOUNT VALUE="69.0000000" FRAME="0.000000000"/>
      <AMOUNT VALUE="69.0000000" FRAME="166.666672"/>
      <AMOUNT VALUE="0.000000000" FRAME="200.000000"/>
      <BASE_SPEED VALUE="0.000000000" FRAME="0.000000000"/>
      <BASE_WEIGHT VALUE="0.000000000" FRAME="0.000000000"/>
      <BASE_SIZE_X VALUE="22.5000000" FRAME="0.000000000"/>
      <BASE_SIZE_Y VALUE="17.5000000" FRAME="0.000000000"/>
      <BASE_SPIN VALUE="0.000000000" FRAME="0.000000000"/>
      <LIFE_VARIATION VALUE="0.000000000" FRAME="0.000000000"/>
      <AMOUNT_VARIATION VALUE="0.000000000" FRAME="0.000000000"/>
      <VELOCITY_VARIATION VALUE="0.000000000" FRAME="0.000000000"/>
      <WEIGHT_VARIATION VALUE="0.000000000" FRAME="0.000000000"/>
      <SIZE_X_VARIATION VALUE="235.000000" FRAME="0.000000000"/>
      <SIZE_Y_VARIATION VALUE="0.000000000" FRAME="0.000000000"/>
      <SPIN_VARIATION VALUE="0.000000000" FRAME="0.000000000"/>
      <DIRECTION_VARIATION VALUE="0.000000000" FRAME="0.000000000"/>
      <ALPHA_OVERTIME VALUE="1.00000000" FRAME="0.000000000"/>
      <ALPHA_OVERTIME VALUE="0.000000000" FRAME="1.00000000"/>
      <VELOCITY_OVERTIME VALUE="0.000000000" FRAME="0.000000000"/>
      <WEIGHT_OVERTIME VALUE="0.000000000" FRAME="0.000000000"/>
      <SCALE_X_OVERTIME VALUE="0.000000000" FRAME="0.000000000"/>
      <SCALE_X_OVERTIME VALUE="1.00999999" FRAME="0.0450000018"/>
      <SCALE_Y_OVERTIME VALUE="1.01999998" FRAME="0.000000000"/>
      <SCALE_Y_OVERTIME VALUE="1.12000000" FRAME="1.00000000"/>
      <SPIN_OVERTIME VALUE="0.000000000" FRAME="0.000000000"/>
      <RED_OVERTIME VALUE="255.000000" FRAME="0.000000000"/>
      <GREEN_OVERTIME VALUE="128.000000" FRAME="0.000000000"/>
      <BLUE_OVERTIME VALUE="64.0000000" FRAME="0.000000000"/>
      <DIRECTION VALUE="0.000000000" FRAME="0.000000000"/>
      <DIRECTION_VARIATIONOT VALUE="0.000000000" FRAME="0.000000000"/>
      <FRAMERATE_OVERTIME VALUE="30.0000000" FRAME="0.000000000"/>
      <STRETCH_OVERTIME VALUE="0.000000000" FRAME="0.000000000"/>
      <GLOBAL_VELOCITY VALUE="1.00000000" FRAME="0.000000000"/>
    </PARTICLE>
    <PARTICLE HANDLE_X="53" HANDLE_Y="155" BLENDMODE="3" RELATIVE="0" RANDOM_COLOR="0" SINGLE_PARTICLE="1" LAYER="0" NAME="Arm" ANIMATE="0" ANIMATE_ONCE="0" FRAME="0" RANDOM_START_FRAME="1" ANIMATION_DIRECTION="1" UNIFORM="0" ANGLE_TYPE="1" ANGLE_OFFSET="360" LOCK_ANGLE="0" ANGLE_RELATIVE="0" USE_EFFECT_EMISSION="1" COLOR_REPEAT="0" ALPHA_REPEAT="0" ONE_SHOT="1" HANDLE_CENTERED="0" GROUP_PARTICLES="0">
      <SHAPE_INDEX>10</SHAPE_INDEX>
      <LIFE VALUE="700.000000" FRAME="0.000000000"/>
      <AMOUNT VALUE="1.00000000" FRAME="0.000000000"/>
      <BASE_SPEED VALUE="0.000000000" FRAME="0.000000000"/>
      <BASE_WEIGHT VALUE="0.000000000" FRAME="0.000000000"/>
      <BASE_SIZE_X VALUE="35.0000000" FRAME="0.000000000"/>
      <BASE_SIZE_Y VALUE="0.000000000" FRAME="0.000000000"/>
      <BASE_SPIN VALUE="0.000000000" FRAME="0.000000000"/>
      <LIFE_VARIATION VALUE="225.000000" FRAME="0.000000000"/>
      <AMOUNT_VARIATION VALUE="0.000000000" FRAME="0.000000000"/>
      <VELOCITY_VARIATION VALUE="0.000000000" FRAME="0.000000000"/>
      <WEIGHT_VARIATION VALUE="0.000000000" FRAME="0.000000000"/>
      <SIZE_X_VARIATION VALUE="0.000000000" FRAME="0.000000000"/>
      <SIZE_Y_VARIATION VALUE="140.000000" FRAME="0.000000000"/>
      <SPIN_VARIATION VALUE="0.000000000" FRAME="0.000000000"/>
      <DIRECTION_VARIATION VALUE="0.000000000" FRAME="0.000000000"/>
      <ALPHA_OVERTIME VALUE="1.00000000" FRAME="0.000000000"/>
      <ALPHA_OVERTIME VALUE="1.00000000" FRAME="0.850000024"/>
      <ALPHA_OVERTIME VALUE="0.000000000" FRAME="1.00000000"/>
      <VELOCITY_OVERTIME VALUE="0.000000000" FRAME="0.000000000"/>
      <WEIGHT_OVERTIME VALUE="0.000000000" FRAME="0.000000000"/>
      <SCALE_X_OVERTIME VALUE="0.219999999" FRAME="0.000000000"/>
      <SCALE_X_OVERTIME VALUE="0.579999983" FRAME="0.106666669">
        <CURVE LEFT_CURVE_POINT_X="0.0566666722" LEFT_CURVE_POINT_Y="0.459999979" RIGHT_CURVE_POINT_X="0.176666677" RIGHT_CURVE_POINT_Y="0.779999971"/>
      </SCALE_X_OVERTIME>
      <SCALE_X_OVERTIME VALUE="0.000000000" FRAME="1.00000000"/>
      <SCALE_Y_OVERTIME VALUE="0.000000000" FRAME="0.000000000"/>
      <SCALE_Y_OVERTIME VALUE="0.560000002" FRAME="0.403333336">
        <CURVE LEFT_CURVE_POINT_X="0.270000011" LEFT_CURVE_POINT_Y="0.420000017" RIGHT_CURVE_POINT_X="0.453333288" RIGHT_CURVE_POINT_Y="0.709999979"/>
      </SCALE_Y_OVERTIME>
      <SCALE_Y_OVERTIME VALUE="0.720000029" FRAME="1.00000000"/>
      <SPIN_OVERTIME VALUE="0.000000000" FRAME="0.000000000"/>
      <RED_OVERTIME VALUE="255.000000" FRAME="0.000000000"/>
      <RED_OVERTIME VALUE="62.0000000" FRAME="0.699367106"/>
      <GREEN_OVERTIME VALUE="128.000000" FRAME="0.000000000"/>
      <GREEN_OVERTIME VALUE="62.0000000" FRAME="0.699367106"/>
      <BLUE_OVERTIME VALUE="64.0000000" FRAME="0.000000000"/>
      <BLUE_OVERTIME VALUE="62.0000000" FRAME="0.699367106"/>
      <DIRECTION VALUE="0.000000000" FRAME="0.000000000"/>
      <DIRECTION_VARIATIONOT VALUE="0.000000000" FRAME="0.000000000"/>
      <FRAMERATE_OVERTIME VALUE="30.0000000" FRAME="0.000000000"/>
      <STRETCH_OVERTIME VALUE="0.000000000" FRAME="0.000000000"/>
      <GLOBAL_VELOCITY VALUE="1.00000000" FRAME="0.000000000"/>
    </PARTICLE>
  </EFFECT>
  <EFFECT TYPE="3" EMITATPOINTS="0" MAXGX="2" MAXGY="0" EMISSION_TYPE="2" ELLIPSE_ARC="360.000000" EFFECT_LENGTH="0" UNIFORM="1" NAME="Flare1" HANDLE_CENTER="1" HANDLE_X="0" HANDLE_Y="0" TRAVERSE_EDGE="0" END_BEHAVIOUR="0" DISTANCE_SET_BY_LIFE="0" REVERSE_SPAWN_DIRECTION="0">
    <ANIMATION_PROPERTIES FRAMES="32" WIDTH="256" HEIGHT="256" X="0" Y="1" SEED="0" LOOPED="0" SEAMLESS="0" ZOOM="1.01542091" FRAME_OFFSET="0" COLOUR_EXPORT_OPTION="0" SAVE_EXPORT_OPTION="0" BORDER_EXPORT_OPTION="0" TRANSPARENCY_EXPORT_OPTION="1" AA_EXPORT_OPTION="0" FRAMESTEP_EXPORT_OPTION="0" COLUMNS_EXPORT_OPTION="0" SPECIFYCOLUMNS_EXPORT_OPTION="0" CLSRED_EXPORT_OPTION="0" CLSGREEN_EXPORT_OPTION="0" CLSBLUE_EXPORT_OPTION="0"/>
    <AMOUNT VALUE="1.00000000" FRAME="0.000000000"/>
    <LIFE VALUE="1.00000000" FRAME="0.000000000"/>
    <SIZEX VALUE="1.00000000" FRAME="0.000000000"/>
    <SIZEY VALUE="1.00000000" FRAME="0.000000000"/>
    <VELOCITY VALUE="1.00000000" FRAME="0.000000000"/>
    <WEIGHT VALUE="1.00000000" FRAME="0.000000000"/>
    <SPIN VALUE="1.00000000" FRAME="0.000000000"/>
    <ALPHA VALUE="1.00000000" FRAME="0.000000000"/>
    <EMISSIONANGLE VALUE="0.000000000" FRAME="0.000000000"/>
    <EMISSIONRANGE VALUE="31.2000008" FRAME="0.000000000"/>
    <AREA_WIDTH VALUE="0.000000000" FRAME="0.000000000"/>
    <AREA_HEIGHT VALUE="1.00000000" FRAME="0.000000000"/>
    <ANGLE VALUE="0.000000000" FRAME="0.000000000"/>
    <STRETCH VALUE="1.00000000" FRAME="0.000000000"/>
    <GLOBAL_ZOOM VALUE="0.400000006" FRAME="0.000000000"/>
    <PARTICLE HANDLE_X="0" HANDLE_Y="0" BLENDMODE="4" RELATIVE="0" RANDOM_COLOR="1" SINGLE_PARTICLE="1" LAYER="1" NAME="Flaretest" ANIMATE="0" ANIMATE_ONCE="0" FRAME="0" RANDOM_START_FRAME="0" ANIMATION_DIRECTION="1" UNIFORM="1" ANGLE_TYPE="0" ANGLE_OFFSET="0" LOCK_ANGLE="1" ANGLE_RELATIVE="0" USE_EFFECT_EMISSION="1" COLOR_REPEAT="0" ALPHA_REPEAT="0" ONE_SHOT="1" HANDLE_CENTERED="1" GROUP_PARTICLES="0">
      <SHAPE_INDEX>2</SHAPE_INDEX>
      <LIFE VALUE="350.000000" FRAME="0.000000000"/>
      <AMOUNT VALUE="74.0000000" FRAME="0.000000000"/>
      <BASE_SPEED VALUE="400.000000" FRAME="0.000000000"/>
      <BASE_WEIGHT VALUE="330.000000" FRAME="0.000000000"/>
      <BASE_SIZE_X VALUE="5.00000000" FRAME="0.000000000"/>
      <BASE_SIZE_Y VALUE="200.000000" FRAME="0.000000000"/>
      <BASE_SPIN VALUE="0.000000000" FRAME="0.000000000"/>
      <SPLATTER VALUE="0.000000000" FRAME="0.000000000"/>
      <LIFE_VARIATION VALUE="0.000000000" FRAME="0.000000000"/>
      <AMOUNT_VARIATION VALUE="0.000000000" FRAME="0.000000000"/>
      <VELOCITY_VARIATION VALUE="240.000000" FRAME="0.000000000"/>
      <WEIGHT_VARIATION VALUE="0.000000000" FRAME="0.000000000"/>
      <SIZE_X_VARIATION VALUE="5.00000000" FRAME="0.000000000"/>
      <SIZE_Y_VARIATION VALUE="0.000000000" FRAME="0.000000000"/>
      <SPIN_VARIATION VALUE="0.000000000" FRAME="0.000000000"/>
      <DIRECTION_VARIATION VALUE="0.000000000" FRAME="0.000000000"/>
      <ALPHA_OVERTIME VALUE="1.00000000" FRAME="0.000000000"/>
      <ALPHA_OVERTIME VALUE="1.00000000" FRAME="0.776666641"/>
      <ALPHA_OVERTIME VALUE="0.000000000" FRAME="1.00000000"/>
      <VELOCITY_OVERTIME VALUE="1.26000023" FRAME="0.000000000"/>
      <VELOCITY_OVERTIME VALUE="0.819999695" FRAME="0.506666660">
        <CURVE LEFT_CURVE_POINT_X="0.236666679" LEFT_CURVE_POINT_Y="0.819999695" RIGHT_CURVE_POINT_X="0.573333263" RIGHT_CURVE_POINT_Y="0.819999695"/>
      </VELOCITY_OVERTIME>
      <WEIGHT_OVERTIME VALUE="1.00000000" FRAME="0.000000000"/>
      <SCALE_X_OVERTIME VALUE="1.00000000" FRAME="0.000000000"/>
      <SCALE_Y_OVERTIME VALUE="1.00000000" FRAME="0.000000000"/>
      <SPIN_OVERTIME VALUE="0.000000000" FRAME="0.000000000"/>
      <RED_OVERTIME VALUE="255.000000" FRAME="0.000000000"/>
      <GREEN_OVERTIME VALUE="6.00000000" FRAME="0.000000000"/>
      <BLUE_OVERTIME VALUE="6.00000000" FRAME="0.000000000"/>
      <DIRECTION VALUE="0.000000000" FRAME="0.000000000"/>
      <DIRECTION_VARIATIONOT VALUE="0.000000000" FRAME="0.000000000"/>
      <DIRECTION_VARIATIONOT VALUE="0.000000000" FRAME="1.00000000"/>
      <FRAMERATE_OVERTIME VALUE="30.0000000" FRAME="0.000000000"/>
      <STRETCH_OVERTIME VALUE="0.000000000" FRAME="0.000000000"/>
      <STRETCH_OVERTIME VALUE="0.100000001" FRAME="0.133333340"/>
      <GLOBAL_VELOCITY VALUE="1.00000000" FRAME="0.000000000"/>
    </PARTICLE>
    <PARTICLE HANDLE_X="0" HANDLE_Y="0" BLENDMODE="4" RELATIVE="1" RANDOM_COLOR="1" SINGLE_PARTICLE="1" LAYER="1" NAME="Flare1" ANIMATE="0" ANIMATE_ONCE="0" FRAME="0" RANDOM_START_FRAME="0" ANIMATION_DIRECTION="1" UNIFORM="1" ANGLE_TYPE="0" ANGLE_OFFSET="0" LOCK_ANGLE="0" ANGLE_RELATIVE="0" USE_EFFECT_EMISSION="1" COLOR_REPEAT="0" ALPHA_REPEAT="0" ONE_SHOT="1" HANDLE_CENTERED="1" GROUP_PARTICLES="0">
      <SHAPE_INDEX>0</SHAPE_INDEX>
      <LIFE VALUE="100.000000" FRAME="0.000000000"/>
      <AMOUNT VALUE="12.0000000" FRAME="0.000000000"/>
      <AMOUNT VALUE="0.000000000" FRAME="333.333344"/>
      <BASE_SPEED VALUE="0.000000000" FRAME="0.000000000"/>
      <BASE_WEIGHT VALUE="0.000000000" FRAME="0.000000000"/>
      <BASE_SIZE_X VALUE="0.000000000" FRAME="0.000000000"/>
      <BASE_SIZE_Y VALUE="200.000000" FRAME="0.000000000"/>
      <BASE_SPIN VALUE="0.000000000" FRAME="0.000000000"/>
      <SPLATTER VALUE="0.000000000" FRAME="0.000000000"/>
      <LIFE_VARIATION VALUE="0.000000000" FRAME="0.000000000"/>
      <AMOUNT_VARIATION VALUE="0.000000000" FRAME="0.000000000"/>
      <VELOCITY_VARIATION VALUE="0.000000000" FRAME="0.000000000"/>
      <WEIGHT_VARIATION VALUE="0.000000000" FRAME="0.000000000"/>
      <SIZE_X_VARIATION VALUE="45.0000000" FRAME="0.000000000"/>
      <SIZE_Y_VARIATION VALUE="0.000000000" FRAME="0.000000000"/>
      <SPIN_VARIATION VALUE="0.000000000" FRAME="0.000000000"/>
      <DIRECTION_VARIATION VALUE="0.860000014" FRAME="0.000000000"/>
      <ALPHA_OVERTIME VALUE="0.000000000" FRAME="0.000000000"/>
      <ALPHA_OVERTIME VALUE="1.00000000" FRAME="0.270000011"/>
      <ALPHA_OVERTIME VALUE="1.00000000" FRAME="0.776666641"/>
      <ALPHA_OVERTIME VALUE="0.000000000" FRAME="1.00000000"/>
      <VELOCITY_OVERTIME VALUE="-0.0200004578" FRAME="0.000000000"/>
      <WEIGHT_OVERTIME VALUE="0.000000000" FRAME="0.000000000"/>
      <SCALE_X_OVERTIME VALUE="1.00000000" FRAME="0.000000000"/>
      <SCALE_Y_OVERTIME VALUE="1.00000000" FRAME="0.000000000"/>
      <SPIN_OVERTIME VALUE="0.000000000" FRAME="0.000000000"/>
      <RED_OVERTIME VALUE="255.000000" FRAME="0.000000000"/>
      <GREEN_OVERTIME VALUE="6.00000000" FRAME="0.000000000"/>
      <BLUE_OVERTIME VALUE="6.00000000" FRAME="0.000000000"/>
      <DIRECTION VALUE="0.000000000" FRAME="0.000000000"/>
      <DIRECTION_VARIATIONOT VALUE="0.000000000" FRAME="0.000000000"/>
      <DIRECTION_VARIATIONOT VALUE="0.439999998" FRAME="1.00000000"/>
      <FRAMERATE_OVERTIME VALUE="30.0000000" FRAME="0.000000000"/>
      <STRETCH_OVERTIME VALUE="0.000000000" FRAME="0.000000000"/>
      <STRETCH_OVERTIME VALUE="0.200000003" FRAME="0.113333337"/>
      <GLOBAL_VELOCITY VALUE="1.00000000" FRAME="0.000000000"/>
    </PARTICLE>
  </EFFECT>
  <SHAPES>
    <IMAGE WIDTH="128" HEIGHT="128" FRAMES="1" INDEX="0" IMPORT_OPTION="GREYSCALE" MAX_RADIUS="62.6418381" URL="Flare4.png"/>
    <IMAGE WIDTH="64" HEIGHT="64" FRAMES="1" INDEX="1" IMPORT_OPTION="GREYSCALE" MAX_RADIUS="39.6232262" URL="playershape.png"/>
    <IMAGE WIDTH="128" HEIGHT="128" FRAMES="1" INDEX="2" IMPORT_OPTION="GREYSCALE" MAX_RADIUS="61.7413979" URL="sparkleflare.png"/>
    <IMAGE WIDTH="128" HEIGHT="128" FRAMES="1" INDEX="3" IMPORT_OPTION="FULLCOLOUR" MAX_RADIUS="82.8794327" URL="Flare2.png"/>
    <IMAGE WIDTH="256" HEIGHT="256" FRAMES="4" INDEX="4" IMPORT_OPTION="FULLCOLOUR" MAX_RADIUS="180.313614" URL="ElectricGroup1.png"/>
    <IMAGE WIDTH="128" HEIGHT="128" FRAMES="1" INDEX="5" IMPORT_OPTION="FULLCOLOUR" MAX_RADIUS="57.1401787" URL="plume.png"/>
    <IMAGE WIDTH="128" HEIGHT="128" FRAMES="1" INDEX="6" IMPORT_OPTION="GREYSCALE" MAX_RADIUS="63.5609932" URL="beam1.png"/>
    <IMAGE WIDTH="256" HEIGHT="256" FRAMES="1" INDEX="7" IMPORT_OPTION="FULLCOLOUR" MAX_RADIUS="123.004066" URL="Spark1.png"/>
    <IMAGE WIDTH="128" HEIGHT="128" FRAMES="1" INDEX="8" IMPORT_OPTION="6108" MAX_RADIUS="89.8053436" URL="Flare7.png"/>
    <IMAGE WIDTH="128" HEIGHT="128" FRAMES="4" INDEX="9" IMPORT_OPTION="FULLCOLOUR" MAX_RADIUS="73.8173447" URL="toonsmoke.png"/>
    <IMAGE WIDTH="128" HEIGHT="128" FRAMES="4" INDEX="10" IMPORT_OPTION="FULLCOLOUR" MAX_RADIUS="68.6804199" URL="toonsmokewhite.png"/>
  </SHAPES>
</EFFECTS>
